key,en,fr,zh-CN,de,hi,fr_status,zh-CN_status,de_status,hi_status
about.aria,About this tool,À propos de cet outil,关于此工具,Über dieses Werkzeug,इस टूल के बारे में,,,,
about.howHeading,How does this work?,Comment ça fonctionne ?,它如何工作？,Wie funktioniert es?,यह कैसे काम करता है?,,,,
about.summary,About this tool,À propos de cet outil,关于此工具,Über dieses Werkzeug,इस टूल के बारे में,,,,
about.whatHeading,What is this?,Qu’est-ce que c’est ?,这是什么？,Was ist das?,यह क्या है?,,,,
about.whyHeading,Why use this instead of an online tool?,Pourquoi l’utiliser au lieu d’un outil en ligne ?,为什么用它而不是在线工具？,Warum nicht ein Online-Werkzeug?,ऑनलाइन टूल के बजाय इसका उपयोग क्यों करें?,,,,
alert.armoredTitle,Armored successfully!,Encodage Armor effectué !,Armor 编码成功！,Erfolgreich armored!,सफलतापूर्वक Armor में बदला गया!,,,,
alert.cleartextSignedTitle,Cleartext signature created successfully,Signature en clair créée avec succès,明文签名创建成功,Klartext-Signatur erfolgreich erstellt,क्लियरटेक्स्ट हस्ताक्षर सफलतापूर्वक बनाया गया,,,,
alert.clientSideBody,Your keys are generated locally in your browser. Nothing is sent to any server.,Vos clés sont générées localement dans votre navigateur. Rien n’est envoyé à un serveur.,您的密钥在本地浏览器中生成，不会发送到任何服务器。,Deine Schlüssel werden lokal in deinem Browser erzeugt. Es wird nichts an einen Server gesendet.,आपकी कुंजियाँ आपके ब्राउज़र में स्थानीय रूप से बनाई जाती हैं। कुछ भी सर्वर पर नहीं भेजा जाता।,,,,
alert.clientSideGenericBody,All operations happen locally in your browser. Nothing is uploaded to any server.,Toutes les opérations s’effectuent localement dans votre navigateur. Rien n’est envoyé à un serveur.,所有操作均在您的浏览器本地完成，不会上传到任何服务器。,Alle Operationen finden lokal in deinem Browser statt. Es wird nichts an einen Server gesendet.,सभी कार्य आपके ब्राउज़र में स्थानीय रूप से होते हैं। कुछ भी किसी सर्वर पर अपलोड नहीं होता।,,,,
alert.clientSideTitle,100% Client-Side:,100 % côté client :,100% 客户端运行：,100 % clientseitig:,100% क्लाइंट-साइड:,,,,
alert.dearmoredBody,Type: {type},Type : {type},类型：{type},Typ: {type},प्रकार: {type},,,,
alert.dearmoredTitle,Dearmored successfully!,Décodé avec succès !,Armor 解码成功！,Erfolgreich dearmored!,सफलतापूर्वक डिकोड हुआ!,,,,
alert.fileSizeLimit.body,"For best performance, keep files under 100MB. Files over 500MB may cause browser slowdown or crashes. Very large files (1GB+) are not recommended.","Pour de meilleures performances, préférez des fichiers de moins de 100 Mo. Les fichiers de plus de 500 Mo peuvent ralentir ou faire planter le navigateur. Les très gros fichiers (1 Go et plus) sont déconseillés.",为了获得最佳性能，请将文件保持在 100MB 以下。超过 500MB 的文件可能导致浏览器变慢或崩溃。不建议处理 1GB 以上的超大文件。,Für beste Leistung sollten Dateien unter 100 MB bleiben. Dateien über 500 MB können den Browser verlangsamen oder zum Absturz bringen. Sehr große Dateien (1 GB+) werden nicht empfohlen.,सर्वोत्तम प्रदर्शन के लिए फ़ाइलों को 100MB से कम रखें। 500MB से बड़ी फ़ाइलें ब्राउज़र को धीमा या क्रैश कर सकती हैं। बहुत बड़ी फ़ाइलें (1GB+) अनुशंसित नहीं हैं।,,,,
alert.fileSizeLimit.title,File Size Limit:,Limite de taille de fichier :,文件大小限制：,Dateigrößenlimit:,फ़ाइल आकार सीमा:,,,,
alert.filesDecryptedTitle,Files decrypted successfully,Fichiers déchiffrés avec succès,文件解密成功,Dateien erfolgreich entschlüsselt,फ़ाइलें सफलतापूर्वक डिक्रिप्ट हुईं,,,,
alert.filesEncryptedTitle,Files encrypted successfully,Fichiers chiffrés avec succès,文件加密成功,Dateien erfolgreich verschlüsselt,फ़ाइलें सफलतापूर्वक एन्क्रिप्ट हुईं,,,,
alert.filesSignedTitle,Files signed successfully,Fichiers signés avec succès,文件签名成功,Dateien erfolgreich signiert,फ़ाइलें सफलतापूर्वक साइन हुईं,,,,
alert.messageDecryptedTitle,Message decrypted successfully,Message déchiffré avec succès,消息解密成功,Nachricht erfolgreich entschlüsselt,संदेश सफलतापूर्वक डिक्रिप्ट हुआ,,,,
alert.messageEncryptedTitle,Message encrypted successfully,Message chiffré avec succès,消息加密成功,Nachricht erfolgreich verschlüsselt,संदेश सफलतापूर्वक एन्क्रिप्ट हुआ,,,,
alert.messageSignedTitle,Message signed successfully,Message signé avec succès,消息签名成功,Nachricht erfolgreich signiert,संदेश सफलतापूर्वक साइन हुआ,,,,
alert.revocationBody,"Store this in a safe place. If your key is ever compromised, you can publish this certificate to invalidate the key.","Conservez-le en lieu sûr. Si votre clé est compromise, vous pourrez publier ce certificat pour l’invalider.",请妥善保管。如果密钥被泄露，您可以发布此证书以使密钥失效。,"Bewahre es sicher auf. Falls dein Schlüssel jemals kompromittiert wird, kannst du dieses Zertifikat veröffentlichen, um den Schlüssel ungültig zu machen.","इसे सुरक्षित स्थान पर रखें। यदि आपकी कुंजी कभी समझौता हो जाए, तो आप कुंजी को अमान्य करने के लिए यह प्रमाणपत्र प्रकाशित कर सकते हैं।",,,,
alert.revocationTitle,Revocation certificate generated!,Certificat de révocation généré !,吊销证书已生成！,Widerrufszertifikat erzeugt!,रद्दीकरण प्रमाणपत्र बनाया गया!,,,,
alert.sigInvalidBody,The signature could not be verified. The message may have been altered or signed by a different key.,La signature n’a pas pu être vérifiée. Le message a peut-être été altéré ou signé avec une clé différente.,无法验证签名。消息可能已被篡改，或由其他密钥签名。,Die Signatur konnte nicht verifiziert werden. Die Nachricht wurde möglicherweise verändert oder mit einem anderen Schlüssel signiert.,हस्ताक्षर सत्यापित नहीं हो सका। संदेश बदला गया हो सकता है या किसी अन्य कुंजी से साइन किया गया हो सकता है।,,,,
alert.sigInvalidDetachedBody,The signature does not match. The message may have been altered or signed by a different key.,La signature ne correspond pas. Le message a peut-être été altéré ou signé avec une clé différente.,签名不匹配。消息可能已被篡改，或由其他密钥签名。,Die Signatur stimmt nicht überein. Die Nachricht wurde möglicherweise verändert oder mit einem anderen Schlüssel signiert.,हस्ताक्षर मेल नहीं खाता। संदेश बदला गया हो सकता है या किसी अन्य कुंजी से साइन किया गया हो सकता है।,,,,
alert.sigInvalidTitle,SIGNATURE INVALID,SIGNATURE INVALIDE,签名无效,SIGNATUR UNGÜLTIG,हस्ताक्षर अमान्य,,,,
alert.sigValidBody,The message was signed by the owner of this public key.,Le message a été signé par le propriétaire de cette clé publique.,该消息由此公钥的所有者签名。,Die Nachricht wurde vom Inhaber dieses öffentlichen Schlüssels signiert.,संदेश को इस सार्वजनिक कुंजी के स्वामी द्वारा साइन किया गया था।,,,,
alert.sigValidDetachedBody,The message matches the signature and was signed by the owner of this public key.,Le message correspond à la signature et a été signé par le propriétaire de cette clé publique.,消息与签名匹配，且由此公钥的所有者签名。,Die Nachricht stimmt mit der Signatur überein und wurde vom Inhaber dieses öffentlichen Schlüssels signiert.,संदेश हस्ताक्षर से मेल खाता है और इस सार्वजनिक कुंजी के स्वामी द्वारा साइन किया गया था।,,,,
alert.sigValidTitle,SIGNATURE VALID,SIGNATURE VALIDE,签名有效,SIGNATUR GÜLTIG,हस्ताक्षर मान्य,,,,
aria.decryptFiles,Decrypt selected files with your private key,Déchiffrer les fichiers sélectionnés avec votre clé privée,使用私钥解密所选文件,Ausgewählte Dateien mit deinem privaten Schlüssel entschlüsseln,अपनी निजी कुंजी से चयनित फ़ाइलें डिक्रिप्ट करें,,,,
aria.downloadBoth,Download both public and private PGP keys,Télécharger vos clés PGP publique et privée,下载您的 PGP 公钥和私钥,Lade öffentlichen und privaten PGP-Schlüssel herunter,अपनी PGP सार्वजनिक और निजी कुंजियाँ डाउनलोड करें,,,,
aria.downloadPrivate,Download your private PGP key (keep this secret),Télécharger votre clé PGP privée (à garder secrète),下载您的 PGP 私钥（请保密）,Lade deinen privaten PGP-Schlüssel herunter (geheim halten),अपनी PGP निजी कुंजी डाउनलोड करें (गोपनीय रखें),,,,
aria.downloadPublic,Download your public PGP key,Télécharger votre clé PGP publique,下载您的 PGP 公钥,Lade deinen öffentlichen PGP-Schlüssel herunter,अपनी PGP सार्वजनिक कुंजी डाउनलोड करें,,,,
aria.encryptFiles,Encrypt selected files with PGP,Chiffrer les fichiers sélectionnés avec PGP,使用 PGP 加密所选文件,Ausgewählte Dateien mit PGP verschlüsseln,चयनित फ़ाइलों को PGP से एन्क्रिप्ट करें,,,,
aria.fileListDecrypt,Files selected for decryption,Fichiers sélectionnés pour le déchiffrement,已选择用于解密的文件,Zum Entschlüsseln ausgewählte Dateien,डिक्रिप्शन के लिए चुनी गई फ़ाइलें,,,,
aria.fileListEncrypt,Files selected for encryption,Fichiers sélectionnés pour le chiffrement,已选择用于加密的文件,Zum Verschlüsseln ausgewählte Dateien,एन्क्रिप्शन के लिए चुनी गई फ़ाइलें,,,,
aria.fileListSign,Files selected for signing,Fichiers sélectionnés pour la signature,已选择用于签名的文件,Zum Signieren ausgewählte Dateien,हस्ताक्षर के लिए चुनी गई फ़ाइलें,,,,
aria.fileListSymmetric,Files selected,Fichiers sélectionnés,已选择的文件,Ausgewählte Dateien,चुनी गई फ़ाइलें,,,,
aria.selectArmorFile,Select binary file,Sélectionner un fichier binaire,选择二进制文件,Binärdatei auswählen,बाइनरी फ़ाइल चुनें,,,,
aria.selectFilesDecrypt,Select encrypted files to decrypt,Sélectionner des fichiers chiffrés à déchiffrer,选择要解密的加密文件,Verschlüsselte Dateien zum Entschlüsseln auswählen,डिक्रिप्ट करने के लिए एन्क्रिप्टेड फ़ाइलें चुनें,,,,
aria.selectFilesEncrypt,Select files to encrypt,Sélectionner des fichiers à chiffrer,选择要加密的文件,Dateien zum Verschlüsseln auswählen,एन्क्रिप्ट करने के लिए फ़ाइलें चुनें,,,,
aria.selectFilesSign,Select files to sign,Sélectionner des fichiers à signer,选择要签名的文件,Dateien zum Signieren auswählen,हस्ताक्षर करने के लिए फ़ाइलें चुनें,,,,
aria.selectFilesSymmetric,Select files,Sélectionner des fichiers,选择文件,Dateien auswählen,फ़ाइलें चुनें,,,,
aria.shamirMode,Shamir mode,Mode Shamir,Shamir 模式,Shamir-Modus,Shamir मोड,,,,
aria.sign,Sign the selected content,Signer le contenu sélectionné,签名所选内容,Ausgewählten Inhalt signieren,चयनित सामग्री पर साइन करें,,,,
aria.stegoMode,Steganography mode,Mode stéganographie,隐写模式,Steganografie-Modus,स्टेगनोग्राफी मोड,,,,
aria.uploadKey,Upload key file,Téléverser un fichier de clé,上传密钥文件,Schlüsseldatei hochladen,कुंजी फ़ाइल अपलोड करें,,,,
aria.uploadPrivkey,Upload private key file,Téléverser un fichier de clé privée,上传私钥文件,Datei mit privatem Schlüssel hochladen,निजी कुंजी फ़ाइल अपलोड करें,,,,
aria.uploadPrivkeyForSigning,Upload private key file for signing,Téléverser un fichier de clé privée pour signer,上传用于签名的私钥文件,Datei mit privatem Schlüssel zum Signieren hochladen,साइन करने के लिए निजी कुंजी फ़ाइल अपलोड करें,,,,
aria.uploadPubkey,Upload public key file,Téléverser un fichier de clé publique,上传公钥文件,Datei mit öffentlichem Schlüssel hochladen,सार्वजनिक कुंजी फ़ाइल अपलोड करें,,,,
aria.uploadPubkeyForVerify,Upload public key file for verification,Téléverser un fichier de clé publique pour la vérification,上传用于验证的公钥文件,Datei mit öffentlichem Schlüssel zur Verifizierung hochladen,सत्यापन के लिए सार्वजनिक कुंजी फ़ाइल अपलोड करें,,,,
aria.verify,Verify the signature,Vérifier la signature,验证签名,Signatur verifizieren,हस्ताक्षर सत्यापित करें,,,,
base.label.customBase,Custom base (2–36),Base personnalisée (2–36),自定义进制（2–36）,Benutzerdefinierte Basis (2–36),कस्टम आधार (2–36),,,,
base.label.fromBase,Input base (auto-detects 0x / 0b / 0o),Base d’entrée (détecte 0x / 0b / 0o),输入进制（自动识别 0x / 0b / 0o）,Eingangsbasis (erkennt 0x / 0b / 0o automatisch),इनपुट आधार (0x / 0b / 0o स्वतः पहचानता है),,,,
base.label.input,Number,Nombre,数字,Zahl,संख्या,,,,
base.opt.auto,Auto,Auto,自动,Auto,स्वतः,,,,
base.ph.input,42 or 0x2a or 0b101010,42 ou 0x2a ou 0b101010,42 或 0x2a 或 0b101010,42 oder 0x2a oder 0b101010,42 या 0x2a या 0b101010,,,,
base.row.bin,Binary,Binaire,二进制,Binär,द्विआधारी,,,,
base.row.bits,Bit length,Longueur en bits,位长,Bitlänge,बिट लंबाई,,,,
base.row.custom,Custom base,Base personnalisée,自定义进制,Benutzerdefinierte Basis,कस्टम आधार,,,,
base.row.dec,Decimal,Décimal,十进制,Dezimal,दशमलव,,,,
base.row.error,Error,Erreur,错误,Fehler,त्रुटि,,,,
base.row.hex,Hexadecimal,Hexadécimal,十六进制,Hexadezimal,हेक्साडेसिमल,,,,
base.row.oct,Octal,Octal,八进制,Oktal,अष्टाधारी,,,,
bic.label.input,BIC / SWIFT,BIC / SWIFT,BIC / SWIFT,BIC / SWIFT,BIC / SWIFT,,,,
bic.ph.input,DEUTDEFFXXX,BNPAFRPPXXX,DEUTDEFFXXX,DEUTDEFFXXX,DEUTDEFFXXX,,,,
bic.row.bank,Bank,Banque,银行,Bank,बैंक,,,,
bic.row.branch,Branch,Agence,分行,Filiale,शाखा,,,,
bic.row.branchNone,(none — 8-character BIC),(aucune — BIC à 8 caractères),（无 — 8 位 BIC）,(keine — 8-stelliger BIC),(कोई नहीं — 8-वर्ण BIC),,,,
bic.row.country,Country,Pays,国家或地区,Land,देश,,,,
bic.row.error,Error,Erreur,错误,Fehler,त्रुटि,,,,
bic.row.length,Length,Longueur,长度,Länge,लंबाई,,,,
bic.row.location,Location,Localisation,地区代码,Ort,स्थान,,,,
bic.row.pretty,Formatted,Formaté,格式化,Formatiert,स्वरूपित,,,,
bic.row.status,Status,Statut,状态,Status,स्थिति,,,,
bic.row.tags,Tags,Indicateurs,标记,Hinweise,टैग,,,,
bic.row.valid,Format OK,Format correct,格式正确,Format in Ordnung,स्वरूप ठीक है,,,,
bic.tag.passive,passive participant (location ends in 1),participant passif (localisation se termine par 1),被动参与者（地区代码以 1 结尾）,passiver Teilnehmer (Ort endet auf 1),निष्क्रिय भागीदार (स्थान 1 पर समाप्त),,,,
bic.tag.primary,primary branch (XXX),agence principale (XXX),总行（XXX）,Hauptniederlassung (XXX),मुख्य शाखा (XXX),,,,
bic.tag.test,test BIC (location ends in 0),BIC de test (localisation se termine par 0),测试 BIC（地区代码以 0 结尾）,Test-BIC (Ort endet auf 0),परीक्षण BIC (स्थान 0 पर समाप्त),,,,
bip39.label.mnemonic,Mnemonic,Mnémonique,助记词,Mnemonic,निमोनिक,,,,
bip39.label.passphrase,Passphrase (optional),Phrase de passe (facultative),密码短语（可选）,Passphrase (optional),पासफ़्रेज़ (वैकल्पिक),,,,
bip39.label.words,Word count,Nombre de mots,词数,Wortanzahl,शब्द संख्या,,,,
bip39.row.checksum,Checksum,Somme de contrôle,校验和,Prüfsumme,चेकसम,,,,
bip39.row.entropy,Entropy (hex),Entropie (hex),熵（十六进制）,Entropie (Hex),एंट्रॉपी (हेक्स),,,,
bip39.row.error,Error,Erreur,错误,Fehler,त्रुटि,,,,
bip39.row.invalid,Invalid,Invalide,无效,Ungültig,अमान्य,,,,
bip39.row.mnemonic,Mnemonic,Mnémonique,助记词,Mnemonic,निमोनिक,,,,
bip39.row.seed,BIP39 seed (hex),Graine BIP39 (hex),BIP39 种子（十六进制）,BIP39-Seed (Hex),BIP39 सीड (हेक्स),,,,
bip39.row.valid,Valid,Valide,有效,Gültig,मान्य,,,,
breadcrumb.allTools,← All tools,← Tous les outils,← 所有工具,← Alle Tools,← सभी टूल,,,,
breadcrumb.backAria,Back to all tools,Retour à tous les outils,返回所有工具,Zurück zu allen Werkzeugen,सभी टूल पर वापस जाएँ,,,,
btn.baseConvert,Convert,Convertir,转换,Umrechnen,बदलें,,,,
btn.bicValidate,Check,Vérifier,校验,Prüfen,जाँचें,,,,
btn.bip39Generate,Generate,Générer,生成,Erzeugen,उत्पन्न करें,,,,
btn.bip39Validate,Validate,Valider,验证,Validieren,मान्य करें,,,,
btn.cidrDecode,Decode,Décoder,解码,Dekodieren,डिकोड करें,,,,
btn.colorContrast,Check contrast,Vérifier le contraste,检查对比度,Kontrast prüfen,कंट्रास्ट जाँचें,,,,
btn.colorConvert,Convert,Convertir,转换,Umwandeln,रूपांतरित करें,,,,
btn.convert,Convert,Convertir,转换,Konvertieren,बदलें,,,,
btn.copiedShort,Copied!,Copié !,已复制！,Kopiert!,कॉपी हो गया!,,,,
btn.copyFingerprint,Copy Fingerprint,Copier l’empreinte,复制指纹,Fingerabdruck kopieren,फ़िंगरप्रिंट कॉपी करें,,,,
btn.cronDecode,Decode,Décoder,解码,Dekodieren,डिकोड करें,,,,
btn.csvConvert,Convert,Convertir,转换,Konvertieren,रूपांतरित करें,,,,
btn.csvSwap,Use output as input,Utiliser la sortie comme entrée,将输出作为输入,Ausgabe als Eingabe verwenden,आउटपुट को इनपुट के रूप में उपयोग करें,,,,
btn.decrypt,Decrypt Files,Déchiffrer les fichiers,解密文件,Dateien entschlüsseln,फ़ाइलें डिक्रिप्ट करें,,,,
btn.derToPem,DER → PEM,DER → PEM,DER → PEM,DER → PEM,DER → PEM,,,,
btn.diffCompute,Compare,Comparer,比较,Vergleichen,तुलना करें,,,,
btn.diffSwap,Swap A ↔ B,Échanger A ↔ B,交换 A ↔ B,A ↔ B tauschen,A ↔ B बदलें,,,,
btn.downloadBoth,Download Both Keys,Télécharger les deux clés,下载两个密钥,Beide Schlüssel herunterladen,दोनों कुंजियाँ डाउनलोड करें,,,,
btn.downloadPrivate,Download Private Key,Télécharger la clé privée,下载私钥,Privaten Schlüssel herunterladen,निजी कुंजी डाउनलोड करें,,,,
btn.downloadPublic,Download Public Key,Télécharger la clé publique,下载公钥,Öffentlichen Schlüssel herunterladen,सार्वजनिक कुंजी डाउनलोड करें,,,,
btn.encodeConvert,Convert,Convertir,转换,Umwandeln,परिवर्तित करें,,,,
btn.encodeSwap,Swap From ↔ To,Inverser De ↔ Vers,交换 从 ↔ 到,Tauschen Von ↔ Nach,से ↔ तक स्वैप,,,,
btn.encrypt,Encrypt Files,Chiffrer les fichiers,加密文件,Dateien verschlüsseln,फ़ाइलें एन्क्रिप्ट करें,,,,
btn.encryptMessage,Encrypt Message,Chiffrer le message,加密消息,Nachricht verschlüsseln,संदेश एन्क्रिप्ट करें,,,,
btn.encryptWithPassword,Encrypt with Password,Chiffrer par mot de passe,用密码加密,Mit Passwort verschlüsseln,पासवर्ड से एन्क्रिप्ट करें,,,,
btn.exifDownload,Download,Télécharger,下载,Herunterladen,डाउनलोड,,,,
btn.exifProcess,Strip Metadata,Supprimer les métadonnées,清除元数据,Metadaten entfernen,मेटाडेटा हटाएँ,,,,
btn.formatRun,Convert,Convertir,转换,Konvertieren,रूपांतरित करें,,,,
btn.formatSwap,Use output as input,Utiliser la sortie comme entrée,将输出作为输入,Ausgabe als Eingabe verwenden,आउटपुट को इनपुट के रूप में उपयोग करें,,,,
btn.generateKeyPair,Generate Key Pair,Générer la paire de clés,生成密钥对,Schlüsselpaar erzeugen,कुंजी जोड़ी बनाएँ,,,,
btn.generatePasswords,Generate Passwords,Générer des mots de passe,生成密码,Passwörter erzeugen,पासवर्ड बनाएँ,,,,
btn.generateRevocation,Generate Revocation Certificate,Générer le certificat de révocation,生成吊销证书,Widerrufszertifikat erzeugen,रद्दीकरण प्रमाणपत्र बनाएँ,,,,
btn.gs1Validate,Check,Vérifier,校验,Prüfen,जाँचें,,,,
btn.hashCompute,Compute Hashes,Calculer,计算哈希,Hashes berechnen,हैश गणना करें,,,,
btn.hmacSign,Compute HMAC,Calculer le HMAC,计算 HMAC,HMAC berechnen,HMAC गणना करें,,,,
btn.hmacVerify,Verify HMAC,Vérifier le HMAC,验证 HMAC,HMAC prüfen,HMAC सत्यापित करें,,,,
btn.ibanGenerate,Generate,Générer,生成,Erzeugen,जनरेट करें,,,,
btn.ibanValidate,Validate,Vérifier,校验,Prüfen,सत्यापित करें,,,,
btn.jwtDecode,Decode,Décoder,解码,Dekodieren,डिकोड,,,,
btn.jwtVerify,Verify Signature,Vérifier la signature,验证签名,Signatur verifizieren,हस्ताक्षर सत्यापित करें,,,,
btn.pbkdf2Computing,Computing…,Calcul en cours…,计算中…,Wird berechnet…,गणना हो रही है…,,,,
btn.pbkdf2Derive,Derive,Dériver,派生,Ableiten,व्युत्पन्न करें,,,,
btn.pemToDer,PEM → DER,PEM → DER,PEM → DER,PEM → DER,PEM → DER,,,,
btn.qrDownload,Download PNG,Télécharger le PNG,下载 PNG,PNG herunterladen,PNG डाउनलोड करें,,,,
btn.qrGenerate,Generate QR Code,Générer le QR code,生成 QR 码,QR-Code erzeugen,QR कोड बनाएँ,,,,
btn.regexRun,Run,Exécuter,运行,Ausführen,चलाएँ,,,,
btn.shamirCombine,Combine Shares,Combiner les parts,合并份,Anteile zusammenführen,भाग मिलाएँ,,,,
btn.shamirCopied,Copied!,Copié !,已复制！,Kopiert!,कॉपी हो गया!,,,,
btn.shamirCopy,Copy,Copier,复制,Kopieren,कॉपी,,,,
btn.shamirDownload,Download,Télécharger,下载,Herunterladen,डाउनलोड,,,,
btn.shamirSplit,Split Secret,Diviser le secret,分割秘密,Geheimnis aufteilen,रहस्य विभाजित करें,,,,
btn.sign,Sign,Signer,签名,Signieren,साइन करें,,,,
btn.sshKeyParse,Parse,Analyser,解析,Analysieren,पार्स करें,,,,
btn.stegoHide,Hide and Download PNG,Dissimuler et télécharger le PNG,隐藏并下载 PNG,Verstecken und PNG herunterladen,छिपाएँ और PNG डाउनलोड करें,,,,
btn.stegoReveal,Reveal Hidden Payload,Révéler la charge cachée,提取隐藏内容,Versteckten Inhalt aufdecken,छिपी सामग्री प्रकट करें,,,,
btn.tlsCertParse,Parse,Analyser,解析,Analysieren,पार्स करें,,,,
btn.totpStart,Start,Démarrer,开始,Starten,प्रारंभ,,,,
btn.totpStop,Stop,Arrêter,停止,Stoppen,रोकें,,,,
btn.tsConvert,Convert,Convertir,转换,Umwandeln,परिवर्तित करें,,,,
btn.tsNow,Use current time,Utiliser maintenant,使用当前时间,Aktuelle Zeit,अभी का समय,,,,
btn.urlDecode,Percent-decode,Décoder %,百分号解码,Prozentdekodieren,%-डिकोड,,,,
btn.urlEncode,Percent-encode,Encoder %,百分号编码,Prozentkodieren,%-एनकोड,,,,
btn.urlParse,Parse,Analyser,解析,Analysieren,पार्स करें,,,,
btn.uuidGenerate,Generate,Générer,生成,Generieren,उत्पन्न करें,,,,
btn.verifySignature,Verify Signature,Vérifier la signature,验证签名,Signatur verifizieren,हस्ताक्षर सत्यापित करें,,,,
btn.viewKeyInfo,View Key Info,Afficher les infos de la clé,查看密钥信息,Schlüsselinfo anzeigen,कुंजी जानकारी देखें,,,,
cidr.label.input,CIDR (IPv4):,CIDR (IPv4) :,CIDR (IPv4)：,CIDR (IPv4):,CIDR (IPv4):,,,,
cidr.ph.input,10.0.0.0/24 or 192.168.1.5/26,10.0.0.0/24 ou 192.168.1.5/26,10.0.0.0/24 或 192.168.1.5/26,10.0.0.0/24 oder 192.168.1.5/26,10.0.0.0/24 या 192.168.1.5/26,,,,
cidr.row.broadcast,Broadcast,Diffusion,广播,Broadcast,ब्रॉडकास्ट,,,,
cidr.row.class,Address class,Classe d’adresse,地址类别,Adressklasse,पता वर्ग,,,,
cidr.row.error,Error,Erreur,错误,Fehler,त्रुटि,,,,
cidr.row.firstHost,First usable host,Premier hôte utilisable,第一个可用主机,Erster nutzbarer Host,पहला उपयोग योग्य होस्ट,,,,
cidr.row.input,Normalized,Normalisé,规范化,Normalisiert,सामान्यीकृत,,,,
cidr.row.lastHost,Last usable host,Dernier hôte utilisable,最后一个可用主机,Letzter nutzbarer Host,अंतिम उपयोग योग्य होस्ट,,,,
cidr.row.netmask,Netmask,Masque,子网掩码,Netzmaske,नेटमास्क,,,,
cidr.row.network,Network,Réseau,网络,Netzwerk,नेटवर्क,,,,
cidr.row.tags,Tags,Étiquettes,标记,Tags,टैग,,,,
cidr.row.total,Total addresses,Adresses totales,总地址数,Gesamtanzahl Adressen,कुल पते,,,,
cidr.row.usable,Usable hosts,Hôtes utilisables,可用主机,Nutzbare Hosts,उपयोग योग्य होस्ट,,,,
cidr.row.wildcard,Wildcard,Joker,反掩码,Wildcard,वाइल्डकार्ड,,,,
color.contrastBody,"Compare foreground and background; AA needs ≥ 4.5:1 for normal text, AAA needs ≥ 7:1.","Comparer premier plan et arrière-plan ; AA exige ≥ 4,5:1 pour le texte normal, AAA ≥ 7:1.","比较前景与背景;AA 要求普通文本 ≥ 4.5:1,AAA 要求 ≥ 7:1。","Vorder- und Hintergrund vergleichen; AA benötigt ≥ 4,5:1 für normalen Text, AAA ≥ 7:1.","अग्रभूमि और पृष्ठभूमि की तुलना; AA को सामान्य टेक्स्ट के लिए ≥ 4.5:1 चाहिए, AAA को ≥ 7:1।",,,,
color.contrastHeading,WCAG contrast checker,Vérificateur de contraste WCAG,WCAG 对比度检查,WCAG-Kontrastprüfer,WCAG कंट्रास्ट जाँच,,,,
color.fail,fail,échec,未通过,durchgefallen,फेल,,,,
color.label.bg,Background:,Arrière-plan :,背景:,Hintergrund:,पृष्ठभूमि:,,,,
color.label.fg,Foreground:,Premier plan :,前景:,Vordergrund:,अग्रभूमि:,,,,
color.label.input,Color (any format):,Couleur (tout format) :,颜色 (任意格式):,Farbe (beliebiges Format):,रंग (कोई भी प्रारूप):,,,,
color.label.picker,Pick:,Choisir :,选择:,Auswählen:,चुनें:,,,,
color.largeText,large text,grand texte,大号文本,großer Text,बड़ा टेक्स्ट,,,,
color.normalText,normal text,texte normal,普通文本,normaler Text,सामान्य टेक्स्ट,,,,
color.pass,pass,réussi,通过,bestanden,पास,,,,
color.ph.input,"#3366ff or rgb(51,102,255) or hsl(225 100% 60%)","#3366ff ou rgb(51,102,255) ou hsl(225 100% 60%)","#3366ff 或 rgb(51,102,255) 或 hsl(225 100% 60%)","#3366ff oder rgb(51,102,255) oder hsl(225 100% 60%)","#3366ff या rgb(51,102,255) या hsl(225 100% 60%)",,,,
color.row.error,Error,Erreur,错误,Fehler,त्रुटि,,,,
color.row.ratio,Contrast ratio,Rapport de contraste,对比度,Kontrastverhältnis,कंट्रास्ट अनुपात,,,,
color.sampleText,The quick brown fox jumps over the lazy dog.,Portez ce vieux whisky au juge blond qui fume.,快速的棕色狐狸跳过懒狗。,Franz jagt im komplett verwahrlosten Taxi quer durch Bayern.,तेज़ भूरी लोमड़ी आलसी कुत्ते के ऊपर से कूदती है।,,,,
confirm.largeFilesAction,Are you sure you want to proceed?,Voulez-vous vraiment continuer ?,确定要继续吗？,Möchtest du wirklich fortfahren?,क्या आप वाकई आगे बढ़ना चाहते हैं?,,,,
confirm.largeFilesTitle,Warning: The following files are very large and may cause browser slowdown or crashes:,Avertissement : les fichiers suivants sont très volumineux et peuvent ralentir ou faire planter le navigateur :,警告：以下文件非常大，可能导致浏览器变慢或崩溃：,Warnung: Die folgenden Dateien sind sehr groß und können den Browser verlangsamen oder zum Absturz bringen:,चेतावनी: निम्नलिखित फ़ाइलें बहुत बड़ी हैं और ब्राउज़र को धीमा या क्रैश कर सकती हैं:,,,,
confirm.weakPassphraseAction,"Click OK to proceed anyway, or Cancel to choose a stronger passphrase.","Cliquez sur OK pour continuer malgré tout, ou sur Annuler pour choisir une phrase plus robuste.",点击“确定”以继续，或“取消”以选择更强的口令。,"Klicke auf OK, um trotzdem fortzufahren, oder auf Abbrechen, um eine stärkere Passphrase zu wählen.","फिर भी आगे बढ़ने के लिए OK दबाएँ, या अधिक मज़बूत पासफ़्रेज़ चुनने के लिए Cancel दबाएँ।",,,,
confirm.weakPassphraseBody,A weak passphrase makes your private key vulnerable to brute-force attacks.,Une phrase secrète faible rend votre clé privée vulnérable aux attaques par force brute.,弱口令会使您的私钥易受暴力破解攻击。,Eine schwache Passphrase macht deinen privaten Schlüssel anfällig für Brute-Force-Angriffe.,कमज़ोर पासफ़्रेज़ आपकी निजी कुंजी को ब्रूट-फोर्स हमलों के प्रति असुरक्षित बना देता है।,,,,
confirm.weakPassphraseMissing,Missing: {issues},Manquant : {issues},缺少：{issues},Fehlt: {issues},गायब: {issues},,,,
confirm.weakPassphraseTitle,Warning: Your passphrase is weak!,Avertissement : votre phrase secrète est faible !,警告：您的口令较弱！,Warnung: Deine Passphrase ist schwach!,चेतावनी: आपका पासफ़्रेज़ कमज़ोर है!,,,,
cron.everyMinute,every minute,chaque minute,每分钟,jede Minute,हर मिनट,,,,
cron.label.input,Cron expression (5 fields: min hour dom month dow):,Expression cron (5 champs : min heure jour mois jour-sem) :,Cron 表达式 (5 个字段:分 时 日 月 周):,Cron-Ausdruck (5 Felder: Min Std Tag Monat Wochentag):,Cron अभिव्यक्ति (5 फ़ील्ड: मिनट घंटा दिन माह सप्ताह-दिवस):,,,,
cron.noRuns,no future runs in the next 5 years,aucune exécution dans les 5 prochaines années,未来 5 年内无运行,keine Ausführungen in den nächsten 5 Jahren,अगले 5 वर्षों में कोई रन नहीं,,,,
cron.ph.input,0 */6 * * *,0 */6 * * *,0 */6 * * *,0 */6 * * *,0 */6 * * *,,,,
cron.row.desc,Description,Description,说明,Beschreibung,विवरण,,,,
cron.row.error,Error,Erreur,错误,Fehler,त्रुटि,,,,
cron.row.expr,Expression,Expression,表达式,Ausdruck,अभिव्यक्ति,,,,
cron.row.next,Next run,Prochaine exécution,下次运行,Nächste Ausführung,अगला रन,,,,
csv.label.from,Input format:,Format d’entrée :,输入格式：,Eingabeformat:,इनपुट प्रारूप:,,,,
csv.label.input,Input:,Entrée :,输入：,Eingabe:,इनपुट:,,,,
csv.label.output,Output:,Sortie :,输出：,Ausgabe:,आउटपुट:,,,,
csv.label.to,Output format:,Format de sortie :,输出格式：,Ausgabeformat:,आउटपुट प्रारूप:,,,,
csv.opt.auto,Auto-detect,Détection automatique,自动检测,Automatisch erkennen,स्वचालित पहचान,,,,
csv.opt.csv,CSV,CSV,CSV,CSV,CSV,,,,
csv.opt.header,First row is header,La première ligne est l’en-tête,首行为表头,Erste Zeile ist Kopfzeile,पहली पंक्ति शीर्षक है,,,,
csv.opt.json,JSON,JSON,JSON,JSON,JSON,,,,
csv.opt.tsv,TSV,TSV,TSV,TSV,TSV,,,,
csv.ph.input,"Paste CSV, TSV, or JSON here…","Collez du CSV, TSV ou JSON ici…",在此粘贴 CSV、TSV 或 JSON…,"CSV, TSV oder JSON hier einfügen…","CSV, TSV या JSON यहाँ पेस्ट करें…",,,,
csv.summary,{rows} rows · {cols} columns,{rows} ligne(s) · {cols} colonne(s),{rows} 行 · {cols} 列,{rows} Zeile(n) · {cols} Spalte(n),{rows} पंक्तियाँ · {cols} स्तंभ,,,,
diff.label.left,Original (A):,Original (A) :,原始 (A):,Original (A):,मूल (A):,,,,
diff.label.right,Modified (B):,Modifié (B) :,修改 (B):,Geändert (B):,संशोधित (B):,,,,
diff.opt.ignoreCase,Ignore case,Ignorer la casse,忽略大小写,Groß-/Kleinschreibung ignorieren,केस अनदेखा करें,,,,
diff.opt.ignoreWs,Ignore whitespace,Ignorer les espaces,忽略空白,Leerzeichen ignorieren,व्हाइटस्पेस अनदेखा करें,,,,
diff.ph.left,Paste original text here…,Collez le texte original ici…,在此粘贴原始文本…,Originaltext hier einfügen…,मूल टेक्स्ट यहाँ पेस्ट करें…,,,,
diff.ph.right,Paste modified text here…,Collez le texte modifié ici…,在此粘贴修改后的文本…,Geänderten Text hier einfügen…,संशोधित टेक्स्ट यहाँ पेस्ट करें…,,,,
diff.same,The two inputs are identical.,Les deux entrées sont identiques.,两段输入完全相同。,Beide Eingaben sind identisch.,दोनों इनपुट समान हैं।,,,,
diff.summary,{added} added · {removed} removed · {unchanged} unchanged,{added} ajout(s) · {removed} suppression(s) · {unchanged} inchangé(s),新增 {added} · 删除 {removed} · 未变 {unchanged},{added} hinzugefügt · {removed} entfernt · {unchanged} unverändert,{added} जोड़े · {removed} हटाए · {unchanged} अपरिवर्तित,,,,
encode.fmt.base32,Base32,Base32,Base32,Base32,Base32,,,,
encode.fmt.base58,Base58 (Bitcoin alphabet),Base58 (alphabet Bitcoin),Base58（比特币字母表）,Base58 (Bitcoin-Alphabet),Base58 (Bitcoin वर्णमाला),,,,
encode.fmt.base64,Base64,Base64,Base64,Base64,Base64,,,,
encode.fmt.base64url,Base64 (URL-safe),Base64 (compatible URL),Base64（URL 安全）,Base64 (URL-sicher),Base64 (URL-सुरक्षित),,,,
encode.fmt.hex,Hex,Hexadécimal,十六进制,Hex,हेक्स,,,,
encode.fmt.text,Plain text (UTF-8),Texte (UTF-8),纯文本（UTF-8）,Klartext (UTF-8),सादा टेक्स्ट (UTF-8),,,,
encode.label.from,From:,De :,从：,Von:,से:,,,,
encode.label.input,Input:,Entrée :,输入：,Eingabe:,इनपुट:,,,,
encode.label.output,Output:,Sortie :,输出：,Ausgabe:,आउटपुट:,,,,
encode.label.to,To:,Vers :,到：,Nach:,तक:,,,,
encode.ph.input,Type or paste input…,Saisir ou coller…,输入或粘贴…,Eingabe einfügen…,इनपुट टाइप या पेस्ट करें…,,,,
err.baseEmpty,Number is required.,Le nombre est requis.,需要数字。,Zahl wird benötigt.,संख्या आवश्यक है।,,,,
err.baseInvalid,Could not parse number for the given base.,Impossible d’analyser le nombre pour la base donnée.,无法按给定进制解析该数字。,Zahl konnte für die angegebene Basis nicht geparst werden.,दिए गए आधार के लिए संख्या पार्स नहीं की जा सकी।,,,,
err.baseRange,Base must be between 2 and 36.,La base doit être comprise entre 2 et 36.,进制必须在 2 到 36 之间。,Basis muss zwischen 2 und 36 liegen.,आधार 2 और 36 के बीच होना चाहिए।,,,,
err.bicEmpty,Enter a BIC / SWIFT code.,Saisissez un code BIC / SWIFT.,请输入 BIC / SWIFT 代码。,Bitte einen BIC / SWIFT-Code eingeben.,कृपया BIC / SWIFT कोड दर्ज करें।,,,,
err.bicFormat,BIC must be 4 letters (bank) + 2 letters (country) + 2 alphanumerics (location) + optional 3 alphanumerics (branch).,Le BIC doit comporter 4 lettres (banque) + 2 lettres (pays) + 2 alphanumériques (localisation) + 3 alphanumériques facultatifs (agence).,BIC 必须为 4 个字母（银行）+ 2 个字母（国家）+ 2 个字母数字（地区）+ 可选 3 个字母数字（分行）。,BIC muss aus 4 Buchstaben (Bank) + 2 Buchstaben (Land) + 2 alphanumerischen Zeichen (Ort) + optional 3 alphanumerischen Zeichen (Filiale) bestehen.,BIC में 4 अक्षर (बैंक) + 2 अक्षर (देश) + 2 अक्षरांकिक (स्थान) + वैकल्पिक 3 अक्षरांकिक (शाखा) होने चाहिए।,,,,
err.bicLength,BIC must be 8 or 11 characters; got {actual}.,Le BIC doit faire 8 ou 11 caractères ; reçu {actual}.,BIC 必须为 8 或 11 个字符；收到 {actual} 个。,BIC muss 8 oder 11 Zeichen lang sein; erhalten: {actual}.,BIC 8 या 11 वर्णों का होना चाहिए; मिला {actual}।,,,,
err.bip39Empty,Mnemonic is empty.,La phrase mnémonique est vide.,助记词为空。,Mnemonic ist leer.,निमोनिक खाली है।,,,,
err.bip39Length,"Mnemonic must be 12, 15, 18, 21, or 24 words.","La phrase mnémonique doit comporter 12, 15, 18, 21 ou 24 mots.",助记词必须为 12、15、18、21 或 24 个词。,"Mnemonic muss 12, 15, 18, 21 oder 24 Wörter haben.","निमोनिक 12, 15, 18, 21 या 24 शब्दों का होना चाहिए।",,,,
err.bip39Unknown,Word not in BIP39 list:,Mot absent de la liste BIP39 :,BIP39 列表中没有该词：,Wort nicht in der BIP39-Liste:,BIP39 सूची में शब्द नहीं:,,,,
err.bip39Words,"Word count must be 12, 15, 18, 21, or 24.","Le nombre de mots doit être 12, 15, 18, 21 ou 24.",词数必须为 12、15、18、21 或 24。,"Wortanzahl muss 12, 15, 18, 21 oder 24 sein.","शब्द संख्या 12, 15, 18, 21 या 24 होनी चाहिए।",,,,
err.cidrFormat,Expected an IPv4 address with optional /prefix (e.g. 10.0.0.0/24).,Adresse IPv4 attendue avec préfixe /facultatif (par ex. 10.0.0.0/24).,期望 IPv4 地址，可选 /前缀（例如 10.0.0.0/24）。,Erwartet: IPv4-Adresse mit optionalem /Präfix (z. B. 10.0.0.0/24).,IPv4 पता वैकल्पिक /प्रीफ़िक्स के साथ अपेक्षित (उदा. 10.0.0.0/24)।,,,,
err.cidrIp,Each octet must be 0–255.,Chaque octet doit être entre 0 et 255.,每个八位组必须在 0 到 255 之间。,Jedes Oktett muss 0–255 sein.,प्रत्येक ऑक्टेट 0–255 होना चाहिए।,,,,
err.cidrPrefix,Prefix must be 0–32.,Le préfixe doit être entre 0 et 32.,前缀必须在 0 到 32 之间。,Präfix muss 0–32 sein.,प्रीफ़िक्स 0–32 होना चाहिए।,,,,
err.colorEmpty,Enter a color.,Entrez une couleur.,请输入颜色。,Geben Sie eine Farbe ein.,रंग दर्ज करें।,,,,
err.colorFormat,Unrecognized color format.,Format de couleur non reconnu.,无法识别的颜色格式。,Unbekanntes Farbformat.,अज्ञात रंग प्रारूप।,,,,
err.colorHex,Bad HEX color length.,Longueur de couleur HEX incorrecte.,HEX 颜色长度错误。,Falsche HEX-Farblänge.,गलत HEX रंग लंबाई।,,,,
err.cronFields,"Cron must have 5 fields, got {n}.","Cron doit avoir 5 champs, reçu {n}.","Cron 必须有 5 个字段,实际为 {n}。","Cron muss 5 Felder haben, erhalten {n}.","Cron में 5 फ़ील्ड होने चाहिए, मिले {n}।",,,,
err.csvEmpty,Input is empty.,L’entrée est vide.,输入为空。,Eingabe ist leer.,इनपुट खाली है।,,,,
err.csvJsonShape,JSON input must be an array of objects.,L’entrée JSON doit être un tableau d’objets.,JSON 输入必须为对象数组。,JSON-Eingabe muss ein Array von Objekten sein.,JSON इनपुट ऑब्जेक्ट्स की एक सरणी होनी चाहिए।,,,,
err.csvParse,Could not parse input,Impossible d’analyser l’entrée,无法解析输入,Eingabe konnte nicht geparst werden,इनपुट पार्स नहीं किया जा सका,,,,
err.decryptingFiles,Error decrypting files,Erreur lors du déchiffrement des fichiers,解密文件时出错,Fehler beim Entschlüsseln der Dateien,फ़ाइलें डिक्रिप्ट करने में त्रुटि,,,,
err.decryptingFilesHint,Please check your private key and passphrase.,Vérifiez votre clé privée et votre phrase secrète.,请检查您的私钥和口令。,Bitte prüfe deinen privaten Schlüssel und deine Passphrase.,कृपया अपनी निजी कुंजी और पासफ़्रेज़ की जाँच करें।,,,,
err.diffEmpty,Provide at least one input to compare.,Fournissez au moins une entrée à comparer.,至少提供一段内容以进行比较。,Geben Sie mindestens eine Eingabe zum Vergleichen ein.,तुलना के लिए कम से कम एक इनपुट दें।,,,,
err.diffTooBig,Inputs exceed {cap} lines per side.,Les entrées dépassent {cap} lignes par côté.,输入超过每侧 {cap} 行。,Eingaben überschreiten {cap} Zeilen pro Seite.,इनपुट प्रति पक्ष {cap} पंक्तियों से अधिक है।,,,,
err.encodeConvert,Could not convert,Conversion impossible,转换失败,Umwandlung fehlgeschlagen,परिवर्तन विफल,,,,
err.encryptingFiles,Error encrypting files,Erreur lors du chiffrement des fichiers,加密文件时出错,Fehler beim Verschlüsseln der Dateien,फ़ाइलें एन्क्रिप्ट करने में त्रुटि,,,,
err.exifNoFiles,Error: please select at least one image.,Erreur : veuillez sélectionner au moins une image.,错误：请至少选择一张图像。,Fehler: Bitte mindestens ein Bild auswählen.,त्रुटि: कृपया कम से कम एक छवि चुनें।,,,,
err.exifProcessing,Error processing image,Erreur lors du traitement de l’image,处理图像时出错,Fehler beim Verarbeiten des Bildes,छवि संसाधित करने में त्रुटि,,,,
err.formatEmpty,Input is empty.,L’entrée est vide.,输入为空。,Eingabe ist leer.,इनपुट खाली है।,,,,
err.formatUnknown,Unknown format,Format inconnu,未知格式,Unbekanntes Format,अज्ञात प्रारूप,,,,
err.formatXmlCross,"Cross-conversion to/from XML is not supported. Use JSON ↔ YAML, or XML ↔ XML for pretty-print/minify.",La conversion croisée vers/depuis XML n’est pas prise en charge.,不支持与 XML 之间的跨格式转换。,Cross-Konvertierung mit XML wird nicht unterstützt.,XML के साथ क्रॉस-कन्वर्ज़न समर्थित नहीं है।,,,,
err.formatXmlEmit,Cannot emit XML from a non-string value.,Impossible d’émettre du XML depuis une valeur non textuelle.,无法从非字符串值生成 XML。,XML kann nicht aus einem Nicht-String-Wert erzeugt werden.,गैर-स्ट्रिंग मान से XML उत्पन्न नहीं किया जा सकता।,,,,
err.formatXmlParse,XML parse error.,Erreur d’analyse XML.,XML 解析错误。,XML-Parserfehler.,XML पार्स त्रुटि।,,,,
err.formatYamlMissing,YAML library not loaded.,Bibliothèque YAML non chargée.,YAML 库未加载。,YAML-Bibliothek nicht geladen.,YAML लाइब्रेरी लोड नहीं हुई।,,,,
err.generatingKeys,Error generating keys,Erreur lors de la génération des clés,生成密钥时出错,Fehler beim Erzeugen der Schlüssel,कुंजियाँ बनाने में त्रुटि,,,,
err.generatingRevoke,Error generating revocation certificate,Erreur lors de la génération du certificat de révocation,生成吊销证书时出错,Fehler beim Erzeugen des Widerrufszertifikats,रद्दीकरण प्रमाणपत्र बनाने में त्रुटि,,,,
err.generic,Error,Erreur,错误,Fehler,त्रुटि,,,,
err.gs1Chars,Barcode must contain digits only.,Le code-barres ne doit contenir que des chiffres.,条码只能包含数字。,Der Barcode darf nur Ziffern enthalten.,बारकोड में केवल अंक होने चाहिए।,,,,
err.gs1Empty,Enter a barcode number.,Saisissez un numéro de code-barres.,请输入条码号码。,Bitte eine Barcode-Nummer eingeben.,कृपया बारकोड संख्या दर्ज करें।,,,,
err.gs1Length,"Length must be 8, 12, 13, 14, or 18 digits; got {actual}.","La longueur doit être 8, 12, 13, 14 ou 18 chiffres ; reçu {actual}.",长度必须为 8、12、13、14 或 18 位；收到 {actual} 位。,"Länge muss 8, 12, 13, 14 oder 18 Ziffern betragen; erhalten: {actual}.","लंबाई 8, 12, 13, 14 या 18 अंक होनी चाहिए; मिला {actual}।",,,,
err.hashEmpty,Provide text or pick a file to hash,Fournissez un texte ou un fichier,请提供文本或选择文件,Text oder Datei angeben,टेक्स्ट या फ़ाइल प्रदान करें,,,,
err.hashRead,Could not read input,Lecture impossible,无法读取输入,Eingabe konnte nicht gelesen werden,इनपुट पढ़ा नहीं जा सका,,,,
err.hmacExpectedEmpty,Paste the expected HMAC,Coller le HMAC attendu,请粘贴预期的 HMAC,Erwartetes HMAC einfügen,अपेक्षित HMAC पेस्ट करें,,,,
err.hmacKeyEmpty,Provide a key,Fournissez une clé,请提供密钥,Schlüssel angeben,कुंजी प्रदान करें,,,,
err.hmacSign,Could not compute HMAC,Calcul HMAC impossible,无法计算 HMAC,HMAC konnte nicht berechnet werden,HMAC गणना नहीं हो सकी,,,,
err.hmacVerify,Could not verify HMAC,Vérification HMAC impossible,无法验证 HMAC,HMAC konnte nicht geprüft werden,HMAC सत्यापित नहीं हो सका,,,,
err.ibanBbanChars,BBAN may only contain letters and digits.,Le BBAN ne peut contenir que des lettres et des chiffres.,BBAN 只能包含字母和数字。,BBAN darf nur Buchstaben und Ziffern enthalten.,BBAN में केवल अक्षर और अंक हो सकते हैं।,,,,
err.ibanBbanLen,BBAN must be {expected} characters; got {actual}.,Le BBAN doit faire {expected} caractères ; reçu {actual}.,BBAN 应为 {expected} 个字符；收到 {actual} 个。,BBAN muss {expected} Zeichen lang sein; erhalten: {actual}.,BBAN {expected} वर्णों का होना चाहिए; मिला {actual}।,,,,
err.ibanChars,IBAN may only contain letters and digits.,L’IBAN ne peut contenir que des lettres et des chiffres.,IBAN 只能包含字母和数字。,Die IBAN darf nur Buchstaben und Ziffern enthalten.,IBAN में केवल अक्षर और अंक हो सकते हैं।,,,,
err.ibanCheckDigits,IBAN check digits must be two digits.,La clé de contrôle IBAN doit comporter deux chiffres.,IBAN 校验位必须为两位数字。,Die IBAN-Prüfziffern müssen aus zwei Ziffern bestehen.,IBAN चेक अंक दो अंकों के होने चाहिए।,,,,
err.ibanCountry,Unknown IBAN country code: {cc}.,Code pays IBAN inconnu : {cc}.,未知的 IBAN 国家代码：{cc}。,Unbekannter IBAN-Ländercode: {cc}.,अज्ञात IBAN देश कोड: {cc}।,,,,
err.ibanEmpty,Enter an IBAN.,Saisissez un IBAN.,请输入 IBAN。,Bitte eine IBAN eingeben.,कृपया IBAN दर्ज करें।,,,,
err.ibanLength,IBAN for {cc} must be {expected} characters; got {actual}.,Un IBAN {cc} doit faire {expected} caractères ; reçu {actual}.,{cc} 的 IBAN 应为 {expected} 个字符；收到 {actual} 个。,IBAN für {cc} muss {expected} Zeichen lang sein; erhalten: {actual}.,{cc} के लिए IBAN {expected} वर्णों का होना चाहिए; मिला {actual}।,,,,
err.ibanShort,IBAN is too short.,IBAN trop court.,IBAN 太短。,IBAN ist zu kurz.,IBAN बहुत छोटा है।,,,,
err.jwtAlg,Unsupported algorithm: {alg},Algorithme non pris en charge : {alg},不支持的算法：{alg},Algorithmus nicht unterstützt: {alg},असमर्थित एल्गोरिदम: {alg},,,,
err.jwtDecode,Could not decode JWT,Décodage JWT impossible,无法解码 JWT,JWT konnte nicht dekodiert werden,JWT डिकोड नहीं किया जा सका,,,,
err.jwtEmpty,Paste a JWT first,Collez un JWT,请先粘贴 JWT,JWT zuerst einfügen,पहले JWT पेस्ट करें,,,,
err.jwtFormat,JWT must have three dot-separated parts,Un JWT doit avoir trois parties séparées par des points,JWT 必须包含三段以点分隔的内容,JWT muss aus drei punktgetrennten Teilen bestehen,JWT में बिंदु से अलग किए तीन हिस्से होने चाहिए,,,,
err.jwtJson,Header or payload is not valid JSON,En-tête ou charge utile JSON invalide,头部或载荷不是有效的 JSON,Header oder Payload ist kein gültiges JSON,हेडर या पेलोड वैध JSON नहीं है,,,,
err.jwtKeyEmpty,Provide a public key or shared secret,Fournissez une clé publique ou un secret partagé,请提供公钥或共享密钥,Public Key oder gemeinsames Geheimnis angeben,सार्वजनिक कुंजी या साझा रहस्य प्रदान करें,,,,
err.passphrasesNoMatch,Error: Passphrases do not match!,Erreur : les phrases secrètes ne correspondent pas !,错误：两次输入的口令不一致！,Fehler: Die Passphrasen stimmen nicht überein!,त्रुटि: पासफ़्रेज़ मेल नहीं खाते!,,,,
err.pasteKey,Error: Please paste a PGP key,Erreur : veuillez coller une clé PGP,错误：请粘贴 PGP 密钥,Fehler: Bitte einen PGP-Schlüssel einfügen,त्रुटि: कृपया एक PGP कुंजी पेस्ट करें,,,,
err.pbkdf2Empty,Password is required.,Le mot de passe est requis.,需要密码。,Passwort wird benötigt.,पासवर्ड आवश्यक है।,,,,
err.pbkdf2Iterations,"Iterations must be between 1 and 10,000,000.",Les itérations doivent être entre 1 et 10 000 000.,"迭代次数必须在 1 到 10,000,000 之间。",Iterationen müssen zwischen 1 und 10.000.000 liegen.,"पुनरावृत्तियाँ 1 से 10,000,000 के बीच होनी चाहिए।",,,,
err.pbkdf2KeyLen,Key length must be between 1 and 512 bytes.,La longueur de clé doit être entre 1 et 512 octets.,密钥长度必须在 1 到 512 字节之间。,Schlüssellänge muss zwischen 1 und 512 Byte liegen.,कुंजी लंबाई 1 से 512 बाइट्स के बीच होनी चाहिए।,,,,
err.pbkdf2Salt,Invalid hex salt — must be even-length hex digits.,Sel hex invalide — il doit comporter un nombre pair de chiffres hex.,十六进制盐无效——必须为偶数位十六进制数字。,Ungültiger Hex-Salt — muss eine gerade Anzahl Hex-Zeichen sein.,अमान्य हेक्स साल्ट — सम-लंबाई के हेक्स अंक होने चाहिए।,,,,
err.pemDerEmpty,Input is empty.,L’entrée est vide.,输入为空。,Eingabe ist leer.,इनपुट खाली है।,,,,
err.pemDerNoBlock,No PEM block found.,Aucun bloc PEM trouvé.,未找到 PEM 块。,Kein PEM-Block gefunden.,कोई PEM ब्लॉक नहीं मिला।,,,,
err.providePassphrase,Error: Please provide your passphrase,Erreur : veuillez fournir votre phrase secrète,错误：请提供您的口令,Fehler: Bitte gib deine Passphrase an,त्रुटि: कृपया अपना पासफ़्रेज़ प्रदान करें,,,,
err.providePassword,Error: Please provide a password,Erreur : veuillez fournir un mot de passe,错误：请提供密码,Fehler: Bitte gib ein Passwort an,त्रुटि: कृपया एक पासवर्ड प्रदान करें,,,,
err.providePrivkey,Error: Please provide your private key,Erreur : veuillez fournir votre clé privée,错误：请提供您的私钥,Fehler: Bitte gib deinen privaten Schlüssel an,त्रुटि: कृपया अपनी निजी कुंजी प्रदान करें,,,,
err.providePubkey,Error: Please provide a public key,Erreur : veuillez fournir une clé publique,错误：请提供公钥,Fehler: Bitte gib einen öffentlichen Schlüssel an,त्रुटि: कृपया एक सार्वजनिक कुंजी प्रदान करें,,,,
err.provideSignerPubkey,Error: Please provide the signer's public key,Erreur : veuillez fournir la clé publique du signataire,错误：请提供签名者的公钥,Fehler: Bitte gib den öffentlichen Schlüssel des Unterzeichners an,त्रुटि: कृपया हस्ताक्षरकर्ता की सार्वजनिक कुंजी प्रदान करें,,,,
err.qrEmpty,Error: please paste text to encode.,Erreur : veuillez coller du texte à encoder.,错误：请粘贴要编码的文本。,Fehler: Bitte Text zum Kodieren einfügen.,त्रुटि: कृपया एन्कोड करने के लिए टेक्स्ट पेस्ट करें।,,,,
err.qrTooLarge,Error: input exceeds the maximum supported size ({max} bytes per chunk × 16 chunks).,Erreur : l’entrée dépasse la taille maximale prise en charge ({max} octets par morceau × 16 morceaux).,错误：输入超过支持的最大大小（每个分片 {max} 字节 × 16 个分片）。,Fehler: Eingabe überschreitet die maximal unterstützte Größe ({max} Bytes pro Teil × 16 Teile).,त्रुटि: इनपुट समर्थित अधिकतम आकार से बड़ा है ({max} बाइट्स प्रति टुकड़ा × 16 टुकड़े)।,,,,
err.readKeyFile,Error reading key file,Erreur lors de la lecture du fichier de clé,读取密钥文件时出错,Fehler beim Lesen der Schlüsseldatei,कुंजी फ़ाइल पढ़ने में त्रुटि,,,,
err.readPrivkeyFile,Error reading private key file,Erreur lors de la lecture du fichier de clé privée,读取私钥文件时出错,Fehler beim Lesen der Datei mit dem privaten Schlüssel,निजी कुंजी फ़ाइल पढ़ने में त्रुटि,,,,
err.readPubkeyFile,Error reading public key file,Erreur lors de la lecture du fichier de clé publique,读取公钥文件时出错,Fehler beim Lesen der Datei mit dem öffentlichen Schlüssel,सार्वजनिक कुंजी फ़ाइल पढ़ने में त्रुटि,,,,
err.readingFile,Error reading file,Erreur lors de la lecture du fichier,读取文件时出错,Fehler beim Lesen der Datei,फ़ाइल पढ़ने में त्रुटि,,,,
err.readingKey,Error reading key,Erreur lors de la lecture de la clé,读取密钥时出错,Fehler beim Lesen des Schlüssels,कुंजी पढ़ने में त्रुटि,,,,
err.readingKeyHint,Please make sure you pasted a valid PGP key.,Vérifiez que vous avez collé une clé PGP valide.,请确认您粘贴的是有效的 PGP 密钥。,"Stelle sicher, dass du einen gültigen PGP-Schlüssel eingefügt hast.",कृपया सुनिश्चित करें कि आपने एक मान्य PGP कुंजी पेस्ट की है।,,,,
err.regexEmpty,Enter a pattern.,Entrez un motif.,请输入一个模式。,Geben Sie ein Muster ein.,एक पैटर्न दर्ज करें।,,,,
err.regexInvalid,Invalid regex,Regex invalide,正则无效,Ungültiger Regex,अमान्य रेजेक्स,,,,
err.selectCharSet,Error: Please select at least one character set,Erreur : sélectionnez au moins un jeu de caractères,错误：请至少选择一种字符集,Fehler: Bitte wähle mindestens einen Zeichensatz aus,त्रुटि: कृपया कम से कम एक वर्ण-समूह चुनें,,,,
err.selectFile,Error: Please select at least one file,Erreur : sélectionnez au moins un fichier,错误：请至少选择一个文件,Fehler: Bitte wähle mindestens eine Datei aus,त्रुटि: कृपया कम से कम एक फ़ाइल चुनें,,,,
err.selectFilesToDecrypt,Error: Please select at least one file to decrypt,Erreur : sélectionnez au moins un fichier à déchiffrer,错误：请至少选择一个要解密的文件,Fehler: Bitte wähle mindestens eine Datei zum Entschlüsseln aus,त्रुटि: कृपया डिक्रिप्ट करने के लिए कम से कम एक फ़ाइल चुनें,,,,
err.selectFilesToEncrypt,Error: Please select at least one file to encrypt,Erreur : sélectionnez au moins un fichier à chiffrer,错误：请至少选择一个要加密的文件,Fehler: Bitte wähle mindestens eine Datei zum Verschlüsseln aus,त्रुटि: कृपया एन्क्रिप्ट करने के लिए कम से कम एक फ़ाइल चुनें,,,,
err.shamirCombine,Error combining shares,Erreur lors de la combinaison des parts,合并份时出错,Fehler beim Zusammenführen der Anteile,भाग मिलाने में त्रुटि,,,,
err.shamirEmpty,Error: please enter a secret to split.,Erreur : veuillez saisir un secret à diviser.,错误：请输入要分割的秘密。,Fehler: Bitte ein aufzuteilendes Geheimnis eingeben.,त्रुटि: कृपया विभाजित करने के लिए एक रहस्य दर्ज करें।,,,,
err.shamirInsufficient,"Could not reconstruct the secret. You may not have enough shares, or shares are mixed from different secrets.","Impossible de reconstruire le secret. Vous n’avez peut-être pas assez de parts, ou des parts proviennent de secrets différents.",无法恢复秘密。可能份数不足，或份来自不同的秘密。,"Geheimnis konnte nicht wiederhergestellt werden. Möglicherweise zu wenige Anteile, oder Anteile aus verschiedenen Geheimnissen.","रहस्य पुनर्स्थापित नहीं हो सका। हो सकता है कि पर्याप्त भाग न हों, या भाग अलग-अलग रहस्यों से मिश्रित हों।",,,,
err.shamirInvalidParams,"Error: threshold (K) must be ≥ 2 and ≤ total (N), and N must be ≤ 20.","Erreur : le seuil (K) doit être ≥ 2 et ≤ total (N), et N doit être ≤ 20.",错误：阈值 (K) 必须 ≥ 2 且 ≤ 总数 (N)，且 N 必须 ≤ 20。,"Fehler: Schwelle (K) muss ≥ 2 und ≤ Gesamt (N) sein, und N muss ≤ 20 sein.","त्रुटि: सीमा (K) ≥ 2 और ≤ कुल (N) होनी चाहिए, और N ≤ 20 होना चाहिए।",,,,
err.shamirNoShares,Error: please paste at least one share.,Erreur : veuillez coller au moins une part.,错误：请至少粘贴一份。,Fehler: Bitte mindestens einen Anteil einfügen.,त्रुटि: कृपया कम से कम एक भाग पेस्ट करें।,,,,
err.shamirSplit,Error splitting secret,Erreur lors de la division du secret,分割秘密时出错,Fehler beim Aufteilen des Geheimnisses,रहस्य विभाजित करने में त्रुटि,,,,
err.signing,Error signing,Erreur lors de la signature,签名时出错,Fehler beim Signieren,साइन करने में त्रुटि,,,,
err.sshKeyFormat,Expected: <type> <base64> [comment].,Format attendu : <type> <base64> [commentaire].,期望:<类型> <base64> [注释]。,Erwartet: <Typ> <Base64> [Kommentar].,अपेक्षित: <प्रकार> <base64> [टिप्पणी]।,,,,
err.stegoCorrupt,Stego data appears corrupted. The image may have been re-encoded (JPEG-saved) or modified.,Les données stégo semblent corrompues. L’image a peut-être été ré-encodée (sauvegarde JPEG) ou modifiée.,隐写数据似乎已损坏。图像可能已被重新编码（保存为 JPEG）或修改。,Stego-Daten scheinen beschädigt. Das Bild wurde möglicherweise neu kodiert (als JPEG gespeichert) oder verändert.,स्टेगो डेटा दूषित प्रतीत होता है। छवि पुनः-एन्कोड (JPEG में सहेजी गई) या संशोधित की गई हो सकती है।,,,,
err.stegoEmptyPayload,Error: please enter a payload to hide.,Erreur : saisissez une charge utile à dissimuler.,错误：请输入要隐藏的内容。,Fehler: Bitte einen Inhalt zum Verstecken eingeben.,त्रुटि: कृपया छिपाने के लिए सामग्री दर्ज करें।,,,,
err.stegoNoPayload,"No hidden payload found. The image may not contain stego data, or the password is incorrect.","Aucune charge cachée trouvée. L’image n’en contient peut-être pas, ou le mot de passe est incorrect.",未找到隐藏内容。该图像可能不包含隐写数据，或密码不正确。,"Kein versteckter Inhalt gefunden. Das Bild enthält möglicherweise keine Stego-Daten, oder das Passwort ist falsch.","कोई छिपी सामग्री नहीं मिली। छवि में स्टेगो डेटा नहीं हो सकता, या पासवर्ड गलत है।",,,,
err.stegoSelectCover,Error: please select a PNG cover image.,Erreur : sélectionnez une image PNG de couverture.,错误：请选择一张 PNG 载体图像。,Fehler: Bitte ein PNG-Trägerbild auswählen.,त्रुटि: कृपया एक PNG कवर छवि चुनें।,,,,
err.stegoSelectStego,Error: please select a stego PNG image.,Erreur : sélectionnez une image PNG stégo.,错误：请选择一张隐写 PNG 图像。,Fehler: Bitte ein Stego-PNG auswählen.,त्रुटि: कृपया एक स्टेगो PNG छवि चुनें।,,,,
err.stegoTooLarge,Error: payload is too large for this cover image. Capacity: {capacity} bytes; payload + header: {needed} bytes.,Erreur : la charge est trop grande pour cette image. Capacité : {capacity} octets ; charge + en-tête : {needed} octets.,错误：内容对此载体图像而言过大。容量：{capacity} 字节；内容 + 头部：{needed} 字节。,Fehler: Inhalt ist für dieses Trägerbild zu groß. Kapazität: {capacity} Bytes; Inhalt + Header: {needed} Bytes.,त्रुटि: सामग्री इस कवर छवि के लिए बहुत बड़ी है। क्षमता: {capacity} बाइट्स; सामग्री + हेडर: {needed} बाइट्स।,,,,
err.totpNoSecret,Provide a base32 secret,Fournissez un secret base32,请提供 base32 密钥,Base32-Geheimnis angeben,base32 सीक्रेट प्रदान करें,,,,
err.totpStart,Could not start TOTP,Impossible de démarrer TOTP,无法启动 TOTP,TOTP konnte nicht gestartet werden,TOTP प्रारंभ नहीं हो सका,,,,
err.tsInvalid,Could not parse the input as a timestamp,Impossible d’analyser comme horodatage,无法解析为时间戳,Eingabe konnte nicht als Zeitstempel erkannt werden,इनपुट को टाइमस्टैम्प के रूप में पार्स नहीं किया जा सका,,,,
err.urlDecode,Could not decode,Décodage impossible,解码失败,Dekodieren fehlgeschlagen,डिकोड विफल,,,,
err.urlEmpty,Provide a URL,Fournissez une URL,请提供 URL,URL angeben,URL प्रदान करें,,,,
err.urlInvalid,Not a valid URL,URL invalide,无效的 URL,Ungültige URL,अमान्य URL,,,,
err.verifyingSig,Error verifying signature,Erreur lors de la vérification de la signature,验证签名时出错,Fehler bei der Signaturprüfung,हस्ताक्षर सत्यापित करने में त्रुटि,,,,
exif.after.label,After: all metadata stripped,Après : toutes les métadonnées supprimées,清除后：所有元数据已移除,Nachher: alle Metadaten entfernt,बाद में: सभी मेटाडेटा हटा दिए गए,,,,
exif.before.label,Before:,Avant :,清除前：,Vorher:,पहले:,,,,
exif.format.jpeg,Force JPEG,Forcer JPEG,强制 JPEG,JPEG erzwingen,JPEG बाध्य करें,,,,
exif.format.match,Match input,Identique à l’entrée,与输入一致,Wie Eingabe,इनपुट के समान,,,,
exif.format.png,Force PNG,Forcer PNG,强制 PNG,PNG erzwingen,PNG बाध्य करें,,,,
exif.format.webp,Force WebP,Forcer WebP,强制 WebP,WebP erzwingen,WebP बाध्य करें,,,,
exif.gps.no,no,non,否,nein,नहीं,,,,
exif.gps.yes,yes,oui,是,ja,हाँ,,,,
exif.infoBody,"Drop or select images. Each is re-encoded via canvas, which produces a metadata-free copy. 100% local — nothing is uploaded. Note: re-encoding recompresses the image; for lossless metadata-only removal of a JPEG, use a desktop tool.","Déposez ou sélectionnez des images. Chacune est ré-encodée via canvas, ce qui produit une copie sans métadonnées. 100 % local — rien n’est envoyé. Note : la ré-encodage recompresse l’image ; pour une suppression sans perte des seules métadonnées d’un JPEG, utilisez un outil de bureau.",拖放或选择图像。每张图像通过 canvas 重新编码，生成不含元数据的副本。100% 在本地运行——不会上传任何内容。注意：重新编码会重新压缩图像；如需对 JPEG 进行无损的“仅元数据”删除，请使用桌面工具。,"Bilder per Drag-&-Drop ablegen oder auswählen. Jedes Bild wird über Canvas neu kodiert, was eine metadatenfreie Kopie erzeugt. 100 % lokal — nichts wird hochgeladen. Hinweis: Die Neukodierung komprimiert das Bild erneut; für verlustfreies Entfernen nur der Metadaten eines JPEGs verwende ein Desktop-Tool.","छवियाँ ड्रॉप करें या चुनें। प्रत्येक को canvas के माध्यम से पुनः-एन्कोड किया जाता है, जिससे मेटाडेटा-मुक्त प्रति बनती है। 100% स्थानीय — कुछ भी अपलोड नहीं होता। ध्यान दें: पुनः-एन्कोडिंग छवि को पुनः संपीड़ित करती है; JPEG से केवल मेटाडेटा को बिना नुकसान के हटाने के लिए डेस्कटॉप टूल का उपयोग करें।",,,,
exif.infoTitle,"Strip GPS, camera serial, timestamps and more.","Supprimez GPS, numéro de série de l’appareil, horodatages, etc.",清除 GPS、相机序列号、时间戳等。,"Entferne GPS, Kamera-Seriennummer, Zeitstempel und mehr.","GPS, कैमरा सीरियल, टाइमस्टैम्प आदि हटाएँ।",,,,
exif.label.files,"Images (JPEG, PNG, WebP)","Images (JPEG, PNG, WebP)",图像（JPEG、PNG、WebP）,"Bilder (JPEG, PNG, WebP)","छवियाँ (JPEG, PNG, WebP)",,,,
exif.label.format,Output format,Format de sortie,输出格式,Ausgabeformat,आउटपुट प्रारूप,,,,
exif.label.quality,Quality (JPEG/WebP),Qualité (JPEG/WebP),质量（JPEG/WebP）,Qualität (JPEG/WebP),गुणवत्ता (JPEG/WebP),,,,
exif.png.text,{count} text chunks (tEXt/iTXt/zTXt),{count} blocs de texte (tEXt/iTXt/zTXt),{count} 个文本块（tEXt/iTXt/zTXt）,{count} Textblöcke (tEXt/iTXt/zTXt),{count} टेक्स्ट ब्लॉक (tEXt/iTXt/zTXt),,,,
exif.tags.found,{count} EXIF tags · GPS: {gps},{count} balises EXIF · GPS : {gps},{count} 个 EXIF 标签 · GPS：{gps},{count} EXIF-Tags · GPS: {gps},{count} EXIF टैग · GPS: {gps},,,,
exif.tags.none,No EXIF tags detected,Aucune balise EXIF détectée,未检测到 EXIF 标签,Keine EXIF-Tags erkannt,कोई EXIF टैग नहीं मिला,,,,
footer.creditAria,Made with love by Clay Good — claygood.com,Réalisé avec amour par Clay Good — claygood.com,由 Clay Good 用爱制作 — claygood.com,Mit Liebe gemacht von Clay Good — claygood.com,Clay Good द्वारा प्यार से बनाया गया — claygood.com,,,,
footer.creditPrefix,Made with,Réalisé avec,用,Gemacht mit,बनाया गया,,,,
footer.creditSuffix,by Clay Good,par Clay Good,由 Clay Good 制作,von Clay Good,Clay Good द्वारा,,,,
footer.github,GitHub,GitHub,GitHub,GitHub,GitHub,,,,
format.label.from,Input format:,Format d’entrée :,输入格式：,Eingabeformat:,इनपुट प्रारूप:,,,,
format.label.input,Input:,Entrée :,输入：,Eingabe:,इनपुट:,,,,
format.label.mode,Mode:,Mode :,模式：,Modus:,मोड:,,,,
format.label.output,Output:,Sortie :,输出：,Ausgabe:,आउटपुट:,,,,
format.label.to,Output format:,Format de sortie :,输出格式：,Ausgabeformat:,आउटपुट प्रारूप:,,,,
format.opt.auto,Auto-detect,Détection automatique,自动检测,Automatisch erkennen,स्वचालित पहचान,,,,
format.opt.minify,Minify,Minifier,压缩,Minifizieren,छोटा करें,,,,
format.opt.pretty,Pretty-print,Mise en forme,美化,Formatieren,सुंदर बनाएँ,,,,
format.ph.input,"Paste JSON, YAML, or XML here…","Collez du JSON, YAML ou XML ici…",在此粘贴 JSON、YAML 或 XML…,"JSON, YAML oder XML hier einfügen…","JSON, YAML या XML यहाँ पेस्ट करें…",,,,
format.statusOk,{from} → {to} ({mode}),{from} → {to} ({mode}),{from} → {to} ({mode}),{from} → {to} ({mode}),{from} → {to} ({mode}),,,,
format.tomlBody,TOML support is intentionally omitted: no small browser-ready TOML parser exists without a build step (smol-toml is ESM-only; @ltd/j-toml is 100 KB+). Use JSON or YAML for now.,TOML est volontairement omis : aucun analyseur TOML léger pour navigateur ne fonctionne sans étape de build (smol-toml est ESM uniquement ; @ltd/j-toml dépasse 100 Ko). Utilisez JSON ou YAML pour l’instant.,故意省略 TOML 支持：没有可在浏览器中直接使用的小型 TOML 解析器（smol-toml 仅 ESM；@ltd/j-toml 超过 100 KB）。目前请使用 JSON 或 YAML。,"TOML wird bewusst nicht unterstützt: es gibt keinen kleinen, browserfertigen TOML-Parser ohne Build-Schritt (smol-toml ist ESM-only; @ltd/j-toml ist über 100 KB groß). Bitte JSON oder YAML verwenden.",TOML समर्थन जानबूझकर शामिल नहीं है: बिना बिल्ड चरण के कोई छोटा ब्राउज़र-तैयार TOML पार्सर मौजूद नहीं है (smol-toml केवल ESM है; @ltd/j-toml 100 KB से बड़ा है)। फ़िलहाल JSON या YAML का उपयोग करें।,,,,
format.tomlTitle,TOML note:,Note TOML :,TOML 说明：,TOML-Hinweis:,TOML नोट:,,,,
generate.criticalSaveKeysHeading,CRITICAL: SAVE YOUR KEYS NOW!,CRITIQUE : SAUVEGARDEZ VOS CLÉS MAINTENANT !,紧急：立即保存您的密钥！,KRITISCH: SCHLÜSSEL JETZT SICHERN!,महत्वपूर्ण: अपनी कुंजियाँ अभी सहेजें!,,,,
generate.successHeading,Keys Generated Successfully,Clés générées avec succès,密钥生成成功,Schlüssel erfolgreich erzeugt,कुंजियाँ सफलतापूर्वक बनाई गईं,,,,
generate.warn.backup,You MUST download and securely backup both keys immediately.,Vous DEVEZ télécharger et sauvegarder les deux clés immédiatement et en lieu sûr.,您必须立即下载并安全备份两把密钥。,Du MUSST beide Schlüssel sofort herunterladen und sicher sichern.,आपको दोनों कुंजियों को तुरंत डाउनलोड करके सुरक्षित बैकअप लेना ही चाहिए।,,,,
generate.warn.lossNoRecovery,"If you lose your private key, you CANNOT decrypt your files. Ever.","Si vous perdez votre clé privée, vous NE POURREZ PLUS déchiffrer vos fichiers. Jamais.",如果丢失私钥，您将无法再解密您的文件。永远无法。,"Wenn du deinen privaten Schlüssel verlierst, kannst du deine Dateien NIE wieder entschlüsseln.","यदि आप अपनी निजी कुंजी खो देते हैं, तो आप अपनी फ़ाइलें कभी डिक्रिप्ट नहीं कर पाएँगे।",,,,
generate.warn.neverShare,NEVER share your private key with anyone.,Ne partagez JAMAIS votre clé privée avec qui que ce soit.,切勿将您的私钥分享给任何人。,Teile deinen privaten Schlüssel NIEMALS mit irgendjemandem.,अपनी निजी कुंजी कभी किसी के साथ साझा न करें।,,,,
generate.warn.publicShareFreely,Share your public key freely - it's meant to be public.,Partagez librement votre clé publique — elle est destinée à l’être.,可以自由分享公钥——它本就用于公开。,Teile deinen öffentlichen Schlüssel ruhig — er ist für die Öffentlichkeit gedacht.,अपनी सार्वजनिक कुंजी स्वतंत्र रूप से साझा करें — यह सार्वजनिक होने के लिए ही है।,,,,
generate.warn.storeSecure,"Store your private key in a secure location (password manager, encrypted drive, etc.)","Conservez votre clé privée dans un endroit sûr (gestionnaire de mots de passe, disque chiffré, etc.).",请将私钥存放在安全的位置（密码管理器、加密磁盘等）。,"Bewahre deinen privaten Schlüssel an einem sicheren Ort auf (Passwortmanager, verschlüsselte Festplatte usw.).","अपनी निजी कुंजी को सुरक्षित स्थान पर रखें (पासवर्ड प्रबंधक, एन्क्रिप्टेड ड्राइव आदि)।",,,,
generate.warn.theftDecrypts,"If someone steals your private key, they can decrypt all your files.","Si quelqu’un dérobe votre clé privée, il pourra déchiffrer tous vos fichiers.",如果有人窃取了您的私钥，他们就能解密您的所有文件。,"Wenn jemand deinen privaten Schlüssel stiehlt, kann er alle deine Dateien entschlüsseln.","यदि किसी ने आपकी निजी कुंजी चुरा ली, तो वे आपकी सभी फ़ाइलें डिक्रिप्ट कर सकते हैं।",,,,
gs1.label.input,Barcode digits (EAN-8 / EAN-13 / UPC-A / UPC-E / ITF-14 / GTIN-14 / SSCC),Chiffres du code-barres (EAN-8 / EAN-13 / UPC-A / UPC-E / ITF-14 / GTIN-14 / SSCC),条码数字（EAN-8 / EAN-13 / UPC-A / UPC-E / ITF-14 / GTIN-14 / SSCC）,Barcode-Ziffern (EAN-8 / EAN-13 / UPC-A / UPC-E / ITF-14 / GTIN-14 / SSCC),बारकोड अंक (EAN-8 / EAN-13 / UPC-A / UPC-E / ITF-14 / GTIN-14 / SSCC),,,,
gs1.ph.input,4006381333931,4006381333931,4006381333931,4006381333931,4006381333931,,,,
gs1.row.checkDigit,Check digit,Chiffre de contrôle,校验位,Prüfziffer,चेक अंक,,,,
gs1.row.error,Error,Erreur,错误,Fehler,त्रुटि,,,,
gs1.row.expected,expected {expected},attendu {expected},期望 {expected},erwartet {expected},अपेक्षित {expected},,,,
gs1.row.format,Format,Format,格式,Format,स्वरूप,,,,
gs1.row.invalid,Checksum failed,Clé de contrôle incorrecte,校验位错误,Prüfziffer fehlerhaft,चेकसम गलत,,,,
gs1.row.length,Length,Longueur,长度,Länge,लंबाई,,,,
gs1.row.prefix,GS1 prefix,Préfixe GS1,GS1 前缀,GS1-Präfix,GS1 उपसर्ग,,,,
gs1.row.status,Status,Statut,状态,Status,स्थिति,,,,
gs1.row.valid,Checksum OK,Clé de contrôle correcte,校验位正确,Prüfziffer in Ordnung,चेकसम सही,,,,
hash.aria.file,File to hash,Fichier à hacher,要哈希的文件,Zu hashende Datei,हैश की जाने वाली फ़ाइल,,,,
hash.compare.match,Hashes match,Les hachages correspondent,哈希匹配,Hashes stimmen überein,हैश मेल खाते हैं,,,,
hash.compare.mismatch,Hashes do not match,Les hachages ne correspondent pas,哈希不匹配,Hashes stimmen nicht überein,हैश मेल नहीं खाते,,,,
hash.compareHeading,Compare two hashes,Comparer deux hachages,比较两个哈希,Zwei Hashes vergleichen,दो हैश की तुलना करें,,,,
hash.label.compareA,Hash A:,Hachage A :,哈希 A：,Hash A:,हैश A:,,,,
hash.label.compareB,Hash B:,Hachage B :,哈希 B：,Hash B:,हैश B:,,,,
hash.label.file,Or pick a file:,Ou choisissez un fichier :,或选择文件：,Oder Datei wählen:,या फ़ाइल चुनें:,,,,
hash.label.text,Text input:,Texte :,文本输入：,Texteingabe:,टेक्स्ट इनपुट:,,,,
hash.ph.compare,Paste a hash…,Coller un hachage…,粘贴一个哈希…,Hash einfügen…,हैश पेस्ट करें…,,,,
hash.ph.text,Type or paste any text…,Saisir ou coller du texte…,输入或粘贴任意文本…,Text eingeben oder einfügen…,कोई भी टेक्स्ट टाइप या पेस्ट करें…,,,,
hash.results.file,File: {name} ({size} bytes),Fichier : {name} ({size} octets),文件：{name}（{size} 字节）,Datei: {name} ({size} Bytes),फ़ाइल: {name} ({size} बाइट),,,,
hash.results.text,Text input ({bytes} bytes),Texte ({bytes} octets),文本输入（{bytes} 字节）,Text ({bytes} Bytes),टेक्स्ट इनपुट ({bytes} बाइट),,,,
header.logoAlt,Encrypt A Lot Logo,Logo Encrypt A Lot,Encrypt A Lot 标志,Encrypt-A-Lot-Logo,Encrypt A Lot लोगो,,,,
header.themeToggle,Toggle dark mode,Basculer le mode sombre,切换深色模式,Dunkelmodus umschalten,डार्क मोड टॉगल करें,,,,
help.generatingSpinner,Generating your keys... This may take a moment.,Génération de vos clés… cela peut prendre un instant.,正在生成您的密钥……请稍候。,Schlüssel werden erzeugt … Das kann einen Moment dauern.,आपकी कुंजियाँ बन रही हैं… कुछ क्षण लग सकते हैं।,,,,
help.orUploadAsc,Or upload a .asc file:,Ou téléversez un fichier .asc :,或上传 .asc 文件：,Oder lade eine .asc-Datei hoch:,या एक .asc फ़ाइल अपलोड करें:,,,,
help.passphraseWarn,Use a strong passphrase - you cannot recover your key without it!,"Utilisez une phrase secrète robuste : sans elle, votre clé est irrécupérable.",请使用强口令——没有口令，您将无法找回密钥！,Verwende eine starke Passphrase — ohne sie kannst du deinen Schlüssel nicht wiederherstellen!,मज़बूत पासफ़्रेज़ का उपयोग करें — इसके बिना आप अपनी कुंजी पुनः प्राप्त नहीं कर सकते!,,,,
hmac.label.algo,Algorithm:,Algorithme :,算法：,Algorithmus:,एल्गोरिदम:,,,,
hmac.label.expected,Expected HMAC (hex):,HMAC attendu (hex) :,预期 HMAC（十六进制）：,Erwartetes HMAC (hex):,अपेक्षित HMAC (हेक्स):,,,,
hmac.label.key,Key:,Clé :,密钥：,Schlüssel:,कुंजी:,,,,
hmac.label.keyHex,Key is hex-encoded,Clé en hexadécimal,密钥为十六进制,Schlüssel ist hex-kodiert,कुंजी हेक्स में है,,,,
hmac.label.msg,Message:,Message :,消息：,Nachricht:,संदेश:,,,,
hmac.label.result,HMAC (hex):,HMAC (hex) :,HMAC（十六进制）：,HMAC (hex):,HMAC (हेक्स):,,,,
hmac.ph.expected,Paste the expected HMAC hex…,Coller le HMAC attendu…,粘贴预期的 HMAC…,Erwartetes HMAC einfügen…,अपेक्षित HMAC पेस्ट करें…,,,,
hmac.ph.key,Shared secret,Secret partagé,共享密钥,Gemeinsames Geheimnis,साझा रहस्य,,,,
hmac.ph.msg,Message to sign…,Message à signer…,要签名的消息…,Zu signierende Nachricht…,हस्ताक्षर के लिए संदेश…,,,,
hmac.verify.match,HMAC matches — message is authentic,HMAC valide — message authentique,HMAC 匹配 — 消息真实,HMAC stimmt — Nachricht authentisch,HMAC मेल खाता है — संदेश प्रामाणिक,,,,
hmac.verify.mismatch,HMAC does not match,HMAC invalide,HMAC 不匹配,HMAC stimmt nicht,HMAC मेल नहीं खाता,,,,
hmac.verifyHeading,Verify a known HMAC,Vérifier un HMAC connu,验证已知 HMAC,Bekanntes HMAC prüfen,ज्ञात HMAC सत्यापित करें,,,,
home.brandAria,Encrypt A Lot — home,Encrypt A Lot — accueil,Encrypt A Lot — 主页,Encrypt A Lot — Startseite,Encrypt A Lot — होम,,,,
home.title,All tools,Tous les outils,所有工具,Alle Tools,सभी टूल,,,,
iban.gen.heading,Generate a test IBAN,Générer un IBAN de test,生成测试用 IBAN,Test-IBAN erzeugen,परीक्षण के लिए IBAN जनरेट करें,,,,
iban.gen.warning,For test data only. Do not use generated IBANs for real transactions.,Pour données de test uniquement. N’utilisez pas les IBAN générés pour de vraies transactions.,仅用于测试数据。请勿将生成的 IBAN 用于真实交易。,Nur für Testdaten. Erzeugte IBANs nicht für echte Zahlungen verwenden.,केवल परीक्षण डेटा के लिए। जनरेट किए गए IBAN वास्तविक लेन-देन के लिए उपयोग न करें।,,,,
iban.label.bban,BBAN (optional — random if empty),BBAN (facultatif — aléatoire si vide),BBAN（可选 — 留空则随机）,"BBAN (optional — zufällig, falls leer)",BBAN (वैकल्पिक — खाली होने पर रैंडम),,,,
iban.label.country,Country,Pays,国家或地区,Land,देश,,,,
iban.label.input,IBAN,IBAN,IBAN,IBAN,IBAN,,,,
iban.ph.input,DE89 3704 0044 0532 0130 00,FR14 2004 1010 0505 0001 3M02 606,DE89 3704 0044 0532 0130 00,DE89 3704 0044 0532 0130 00,DE89 3704 0044 0532 0130 00,,,,
iban.row.acct,Account number,Numéro de compte,账号,Kontonummer,खाता संख्या,,,,
iban.row.bank,Bank code,Code banque,银行代码,Bankleitzahl,बैंक कोड,,,,
iban.row.bban,BBAN,BBAN,BBAN,BBAN,BBAN,,,,
iban.row.branch,Branch code,Code guichet,分行代码,Filialcode,शाखा कोड,,,,
iban.row.checkDigits,Check digits,Clé de contrôle,校验位,Prüfziffern,चेक अंक,,,,
iban.row.country,Country,Pays,国家或地区,Land,देश,,,,
iban.row.error,Error,Erreur,错误,Fehler,त्रुटि,,,,
iban.row.invalidChecksum,Invalid — MOD-97 checksum failed,Invalide — échec de la clé MOD-97,无效 — MOD-97 校验失败,Ungültig — MOD-97-Prüfsumme fehlgeschlagen,अमान्य — MOD-97 चेकसम विफल,,,,
iban.row.length,Length,Longueur,长度,Länge,लंबाई,,,,
iban.row.note,Note,Note,提示,Hinweis,टिप्पणी,,,,
iban.row.pretty,Formatted,Formaté,格式化,Formatiert,स्वरूपित,,,,
iban.row.raw,Raw,Brut,原始,Roh,कच्चा,,,,
iban.row.status,Status,Statut,状态,Status,स्थिति,,,,
iban.row.valid,Valid (MOD-97 passes),Valide (clé MOD-97 correcte),有效（MOD-97 校验通过）,Gültig (MOD-97 stimmt),वैध (MOD-97 सफल),,,,
jwt.exp.expired,Expired at {iso},Expiré le {iso},于 {iso} 过期,Abgelaufen am {iso},{iso} पर समाप्त,,,,
jwt.exp.valid,Valid until {iso},Valide jusqu’au {iso},有效至 {iso},Gültig bis {iso},{iso} तक मान्य,,,,
jwt.label.key,Public key (PEM) or shared secret:,Clé publique (PEM) ou secret partagé :,公钥（PEM）或共享密钥：,Public Key (PEM) oder gemeinsames Geheimnis:,सार्वजनिक कुंजी (PEM) या साझा रहस्य:,,,,
jwt.label.token,JWT (paste the full token):,JWT (coller le token complet) :,JWT（粘贴完整 token）：,JWT (vollständigen Token einfügen):,JWT (पूरा टोकन पेस्ट करें):,,,,
jwt.ph.key,-----BEGIN PUBLIC KEY-----…  or  shared-secret-string,-----BEGIN PUBLIC KEY-----…  ou  secret-partagé,-----BEGIN PUBLIC KEY-----…  或  shared-secret,-----BEGIN PUBLIC KEY-----…  oder  geteiltes-Geheimnis,-----BEGIN PUBLIC KEY-----…  या  shared-secret,,,,
jwt.ph.token,eyJhbGciOi…,eyJhbGciOi…,eyJhbGciOi…,eyJhbGciOi…,eyJhbGciOi…,,,,
jwt.row.header,Header (decoded JSON),En-tête (JSON décodé),头部（解码后的 JSON）,Header (dekodiertes JSON),हेडर (डिकोड किया गया JSON),,,,
jwt.row.payload,Payload (decoded JSON),Charge utile (JSON décodé),载荷（解码后的 JSON）,Payload (dekodiertes JSON),पेलोड (डिकोड किया गया JSON),,,,
jwt.row.signature,Signature (hex),Signature (hex),签名（十六进制）,Signatur (hex),हस्ताक्षर (हेक्स),,,,
jwt.verify.match,Signature verified — token is authentic,Signature vérifiée — token authentique,签名已验证 — token 真实,Signatur verifiziert — Token authentisch,हस्ताक्षर सत्यापित — टोकन प्रामाणिक,,,,
jwt.verify.mismatch,Signature does not verify,Signature non vérifiée,签名未通过验证,Signatur konnte nicht verifiziert werden,हस्ताक्षर सत्यापित नहीं हुआ,,,,
jwt.verifyBody,"Pick the algorithm matching the JWT header, then provide the matching key. RS256/ES256 use a PEM-formatted public key; HS256/384/512 use a shared secret.","Choisissez l’algorithme indiqué dans l’en-tête, puis fournissez la clé correspondante. RS256/ES256 utilisent une clé publique PEM ; HS256/384/512 un secret partagé.",选择与 JWT 头部对应的算法，然后提供相应密钥。RS256/ES256 使用 PEM 格式的公钥；HS256/384/512 使用共享密钥。,Wähle den im JWT-Header genannten Algorithmus und stelle den passenden Schlüssel bereit. RS256/ES256 nutzen einen PEM-Public-Key; HS256/384/512 ein gemeinsames Geheimnis.,"JWT हेडर के अनुरूप एल्गोरिदम चुनें, फिर मेल खाती कुंजी प्रदान करें। RS256/ES256 PEM सार्वजनिक कुंजी का उपयोग करते हैं; HS256/384/512 साझा रहस्य।",,,,
jwt.verifyHeading,Verify the signature,Vérifier la signature,验证签名,Signatur verifizieren,हस्ताक्षर सत्यापित करें,,,,
jwt.warnBody,"JWT payloads are Base64-encoded, not encrypted. Treat any production token like a credential — verify locally, never paste it into untrusted online inspectors.","Les charges JWT sont encodées en Base64, pas chiffrées. Traitez tout token de production comme une crédential — vérifiez localement, ne le collez jamais dans un inspecteur en ligne non fiable.",JWT 载荷是 Base64 编码的，并未加密。把生产 token 当作凭证处理 — 在本地验证，切勿粘贴到不可信的在线检查器。,"JWT-Payloads sind Base64-kodiert, nicht verschlüsselt. Behandle Produktions-Tokens wie Anmeldedaten — lokal verifizieren, niemals in unsichere Online-Inspektoren einfügen.","JWT पेलोड Base64 में एनकोड है, एन्क्रिप्टेड नहीं। उत्पादन टोकन को क्रेडेंशियल मानें — स्थानीय रूप से सत्यापित करें, अविश्वसनीय ऑनलाइन उपकरणों में पेस्ट न करें।",,,,
jwt.warnTitle,Reminder:,Rappel :,提醒：,Hinweis:,याद रखें:,,,,
keyInfo.algorithm,Algorithm,Algorithme,算法,Algorithmus,एल्गोरिदम,,,,
keyInfo.created,Created,Créée,创建时间,Erstellt,बनाई गई,,,,
keyInfo.expires,Expires,Expire,过期时间,Läuft ab,समाप्ति,,,,
keyInfo.fingerprint,Fingerprint,Empreinte,指纹,Fingerabdruck,फ़िंगरप्रिंट,,,,
keyInfo.keyId,Key ID,ID de clé,密钥 ID,Schlüssel-ID,कुंजी ID,,,,
keyInfo.keySizeCurve,Key Size/Curve,Taille / Courbe,长度／曲线,Größe / Kurve,आकार / कर्व,,,,
keyInfo.keyType,Key Type,Type de clé,密钥类型,Schlüsseltyp,कुंजी प्रकार,,,,
keyInfo.never,Never,Jamais,永不过期,Nie,कभी नहीं,,,,
keyInfo.notAvailable,N/A,N/A,不适用,k. A.,उपलब्ध नहीं,,,,
keyInfo.privateKey,Private Key,Clé privée,私钥,Privater Schlüssel,निजी कुंजी,,,,
keyInfo.publicKey,Public Key,Clé publique,公钥,Öffentlicher Schlüssel,सार्वजनिक कुंजी,,,,
keyInfo.userIds,User IDs,Identifiants utilisateur,用户 ID,Benutzer-IDs,उपयोगकर्ता IDs,,,,
label.algorithm,Algorithm *,Algorithme *,算法 *,Algorithmus *,एल्गोरिदम *,,,,
label.armorInput,Armored PGP Data *,Données PGP au format Armor *,Armor 格式的 PGP 数据 *,PGP-Daten im Armor-Format *,Armor प्रारूप में PGP डेटा *,,,,
label.comment,Comment (Optional),Commentaire (facultatif),备注（可选）,Kommentar (optional),टिप्पणी (वैकल्पिक),,,,
label.decryptPassphrase,Passphrase *,Phrase secrète *,口令 *,Passphrase *,पासफ़्रेज़ *,,,,
label.decryptPrivkey,Your Private Key *,Votre clé privée *,您的私钥 *,Dein privater Schlüssel *,आपकी निजी कुंजी *,,,,
label.email,Your Email *,Votre adresse e-mail *,您的邮箱 *,Deine E-Mail-Adresse *,आपका ईमेल *,,,,
label.encryptPubkey,Recipient's Public Key *,Clé publique du destinataire *,收件人的公钥 *,Öffentlicher Schlüssel des Empfängers *,प्राप्तकर्ता की सार्वजनिक कुंजी *,,,,
label.expires,Key Expiration *,Expiration de la clé *,密钥有效期 *,Ablauf des Schlüssels *,कुंजी की समाप्ति *,,,,
label.keyInfoInput,PGP Key (Public or Private) *,Clé PGP (publique ou privée) *,PGP 密钥（公钥或私钥） *,PGP-Schlüssel (öffentlich oder privat) *,PGP कुंजी (सार्वजनिक या निजी) *,,,,
label.keysize,Key Size *,Taille de la clé *,密钥长度 *,Schlüssellänge *,कुंजी का आकार *,,,,
label.name,Your Name *,Votre nom *,您的姓名 *,Dein Name *,आपका नाम *,,,,
label.passphrase,Passphrase *,Phrase secrète *,口令 *,Passphrase *,पासफ़्रेज़ *,,,,
label.passphraseConfirm,Confirm Passphrase *,Confirmer la phrase secrète *,确认口令 *,Passphrase bestätigen *,पासफ़्रेज़ की पुष्टि करें *,,,,
label.passwordCount,Number of Passwords,Nombre de mots de passe,密码数量,Anzahl der Passwörter,पासवर्ड की संख्या,,,,
label.passwordLength,Password Length,Longueur du mot de passe,密码长度,Passwortlänge,पासवर्ड की लंबाई,,,,
label.revokePassphrase,Passphrase *,Phrase secrète *,口令 *,Passphrase *,पासफ़्रेज़ *,,,,
label.revokePrivkey,Your Private Key *,Votre clé privée *,您的私钥 *,Dein privater Schlüssel *,आपकी निजी कुंजी *,,,,
label.revokeReason,Revocation Reason,Raison de la révocation,吊销原因,Widerrufsgrund,रद्दीकरण का कारण,,,,
label.signMessage,Message to Sign *,Message à signer *,要签名的消息 *,Zu signierende Nachricht *,साइन करने के लिए संदेश *,,,,
label.signPassphrase,Passphrase *,Phrase secrète *,口令 *,Passphrase *,पासफ़्रेज़ *,,,,
label.signPrivkey,Your Private Key *,Votre clé privée *,您的私钥 *,Dein privater Schlüssel *,आपकी निजी कुंजी *,,,,
label.symmetricPassword,Password *,Mot de passe *,密码 *,Passwort *,पासवर्ड *,,,,
label.textDecryptMessage,Encrypted Message *,Message chiffré *,加密消息 *,Verschlüsselte Nachricht *,एन्क्रिप्टेड संदेश *,,,,
label.textDecryptPassphrase,Passphrase *,Phrase secrète *,口令 *,Passphrase *,पासफ़्रेज़ *,,,,
label.textDecryptPrivkey,Your Private Key *,Votre clé privée *,您的私钥 *,Dein privater Schlüssel *,आपकी निजी कुंजी *,,,,
label.textEncryptMessage,Message to Encrypt *,Message à chiffrer *,要加密的消息 *,Zu verschlüsselnde Nachricht *,एन्क्रिप्ट करने के लिए संदेश *,,,,
label.textEncryptPubkey,Recipient's Public Key *,Clé publique du destinataire *,收件人的公钥 *,Öffentlicher Schlüssel des Empfängers *,प्राप्तकर्ता की सार्वजनिक कुंजी *,,,,
label.verifyOriginalMsg,Original Message/File Content *,Contenu du message/fichier original *,原始消息／文件内容 *,Originaler Nachrichten-/Dateiinhalt *,मूल संदेश/फ़ाइल सामग्री *,,,,
label.verifyPubkey,Signer's Public Key *,Clé publique du signataire *,签名者的公钥 *,Öffentlicher Schlüssel des Unterzeichners *,हस्ताक्षरकर्ता की सार्वजनिक कुंजी *,,,,
label.verifySignature,Detached Signature *,Signature détachée *,分离式签名 *,Abgetrennte Signatur *,अलग किया गया हस्ताक्षर *,,,,
label.verifySignedMsg,Signed Message or Cleartext Signature *,Message signé ou signature en clair *,已签名消息或明文签名 *,Signierte Nachricht oder Klartext-Signatur *,हस्ताक्षरित संदेश या क्लियरटेक्स्ट हस्ताक्षर *,,,,
lang.label,Language,Langue,语言,Sprache,भाषा,,,,
meta.description,"Free, client-side toolbox: PGP encryption / decryption / signing, TLS and SSH key parsers, BIP39 mnemonic generator and validator, PBKDF2 key derivation, HMAC, JWT, TOTP, hashing, Base64, UUID, password generator, Shamir secret sharing, EXIF eraser, steganography, regex tester, CSV / JSON / YAML / XML converter, number base converter, cron decoder, color converter, CIDR calculator, and more. No uploads, no analytics, open source.","Boîte à outils gratuite côté client : chiffrement / déchiffrement / signature PGP, analyseurs de certificats TLS et de clés SSH, mnémonique BIP39, dérivation de clé PBKDF2, HMAC, JWT, TOTP, hachage, Base64, UUID, générateur de mots de passe, Shamir, EXIF, stéganographie, testeur regex, conversion CSV / JSON / YAML / XML, convertisseur de base numérique, décodeur cron, convertisseur de couleur, calculatrice CIDR, et plus. Aucun envoi, sans analytique, open source.",免费的浏览器端工具集：PGP 加密 / 解密 / 签名、TLS 与 SSH 密钥解析、BIP39 助记词、PBKDF2 密钥派生、HMAC、JWT、TOTP、哈希、Base64、UUID、密码生成、Shamir 秘密共享、EXIF 清除、隐写、正则、CSV / JSON / YAML / XML 转换、进制转换、cron 解码、颜色转换、CIDR 计算等。无上传、无统计、开源。,"Kostenlose Browser-Toolbox: PGP-Verschlüsselung / Entschlüsselung / Signatur, TLS- und SSH-Schlüssel-Parser, BIP39-Mnemonic, PBKDF2-Schlüsselableitung, HMAC, JWT, TOTP, Hash, Base64, UUID, Passwortgenerator, Shamir, EXIF, Steganographie, Regex-Tester, CSV / JSON / YAML / XML-Konvertierung, Zahlenbasis-Konverter, Cron-Decoder, Farbkonverter, CIDR-Rechner und mehr. Keine Uploads, keine Analytik, Open Source.","मुफ्त ब्राउज़र-साइड टूलबॉक्स: PGP एन्क्रिप्ट / डिक्रिप्ट / साइन, TLS व SSH कुंजी पार्सर, BIP39 निमोनिक, PBKDF2 कुंजी व्युत्पत्ति, HMAC, JWT, TOTP, हैश, Base64, UUID, पासवर्ड जनरेटर, Shamir सीक्रेट शेयरिंग, EXIF हटाना, स्टेगानोग्राफी, रेजेक्स परीक्षक, CSV / JSON / YAML / XML रूपांतरण, संख्या आधार कन्वर्टर, cron डिकोडर, रंग कन्वर्टर, CIDR कैलकुलेटर और अधिक। कोई अपलोड नहीं, कोई एनालिटिक्स नहीं, ओपन सोर्स।",,,,
meta.title,"encryptalotta — 36 free client-side privacy and developer tools (PGP, BIP39, TLS, SSH, JWT, PBKDF2, hashing, regex, CSV, cron, CIDR, number base, and more)","encryptalotta — 36 outils gratuits de confidentialité et de développement côté client (PGP, BIP39, TLS, SSH, JWT, PBKDF2, hash, regex, CSV, cron, CIDR, base numérique…)",encryptalotta — 36 个免费的浏览器端隐私与开发者工具（PGP、BIP39、TLS、SSH、JWT、PBKDF2、哈希、正则、CSV、cron、CIDR、进制转换 等）,"encryptalotta — 36 kostenlose, browserseitige Datenschutz- und Entwicklerwerkzeuge (PGP, BIP39, TLS, SSH, JWT, PBKDF2, Hash, Regex, CSV, Cron, CIDR, Zahlenbasis …)","encryptalotta — ब्राउज़र में चलने वाले 36 निःशुल्क गोपनीयता और डेवलपर टूल (PGP, BIP39, TLS, SSH, JWT, PBKDF2, हैश, रेजेक्स, CSV, cron, CIDR, संख्या आधार आदि)",,,,
nav.group.crypt,Encrypt / Decrypt,Chiffrer / Déchiffrer,加密 / 解密,Verschlüsseln / Entschlüsseln,एन्क्रिप्ट / डिक्रिप्ट,,,,
nav.group.keys,Keys,Clés,密钥,Schlüssel,कुंजियाँ,,,,
nav.group.signing,Sign / Verify,Signer / Vérifier,签名 / 验证,Signieren / Verifizieren,साइन / सत्यापित,,,,
nav.group.utilities,Utilities,Utilitaires,实用工具,Werkzeuge,उपयोगिताएँ,,,,
nav.tool.armor,Armor,Armor (ASCII),Armor 转换,Armor,Armor,,,,
nav.tool.base,Number Base,Base numérique,进制转换,Zahlenbasis,संख्या आधार,,,,
nav.tool.bic,BIC / SWIFT,BIC / SWIFT,BIC / SWIFT,BIC / SWIFT,BIC / SWIFT,,,,
nav.tool.bip39,BIP39 Mnemonic,Mnémonique BIP39,BIP39 助记词,BIP39-Mnemonic,BIP39 निमोनिक,,,,
nav.tool.cidr,CIDR / Subnet Calculator,Calculatrice CIDR / sous-réseau,CIDR / 子网计算器,CIDR / Subnetz-Rechner,CIDR / सबनेट कैलकुलेटर,,,,
nav.tool.color,Color Converter,Convertisseur de couleur,颜色转换器,Farbkonverter,रंग कन्वर्टर,,,,
nav.tool.cron,Cron Decoder,Décodeur cron,Cron 解码器,Cron-Decoder,Cron डिकोडर,,,,
nav.tool.csv,CSV / JSON / TSV,CSV / JSON / TSV,CSV / JSON / TSV,CSV / JSON / TSV,CSV / JSON / TSV,,,,
nav.tool.decrypt,Decrypt Files,Déchiffrer des fichiers,解密文件,Dateien entschlüsseln,फ़ाइलें डिक्रिप्ट करें,,,,
nav.tool.diff,Diff,Comparateur (diff),差异比较,Diff,डिफ़,,,,
nav.tool.encode,Encode / Decode,Encoder / décoder,编码 / 解码,Kodieren / Dekodieren,एनकोड / डिकोड,,,,
nav.tool.encrypt,Encrypt Files,Chiffrer des fichiers,加密文件,Dateien verschlüsseln,फ़ाइलें एन्क्रिप्ट करें,,,,
nav.tool.exif,EXIF Eraser,Effaceur EXIF,EXIF 清除器,EXIF-Entferner,EXIF रिमूवर,,,,
nav.tool.format,Format / Convert,Formater / Convertir,格式化 / 转换,Format / Konvertieren,फ़ॉर्मेट / कन्वर्ट,,,,
nav.tool.generate,Generate Keys,Générer des clés,生成密钥,Schlüssel erzeugen,कुंजियाँ बनाएँ,,,,
nav.tool.gs1,GS1 Barcode,Code-barres GS1,GS1 条码,GS1-Barcode,GS1 बारकोड,,,,
nav.tool.hash,Hash & Checksum,Hachage & somme de contrôle,哈希与校验,Hash & Prüfsumme,हैश और चेकसम,,,,
nav.tool.hmac,HMAC,HMAC,HMAC,HMAC,HMAC,,,,
nav.tool.iban,IBAN,IBAN,IBAN,IBAN,IBAN,,,,
nav.tool.jwt,JWT Inspector,Inspecteur JWT,JWT 检查器,JWT-Inspektor,JWT निरीक्षक,,,,
nav.tool.key-info,Key Info,Infos de clé,密钥信息,Schlüsselinfo,कुंजी जानकारी,,,,
nav.tool.password-encrypt,Password Encrypt,Chiffrer par mot de passe,密码加密,Mit Passwort verschlüsseln,पासवर्ड से एन्क्रिप्ट करें,,,,
nav.tool.passwords,Passwords,Mots de passe,密码,Passwörter,पासवर्ड,,,,
nav.tool.pbkdf2,PBKDF2,PBKDF2,PBKDF2,PBKDF2,PBKDF2,,,,
nav.tool.pem-der,PEM ↔ DER,PEM ↔ DER,PEM ↔ DER,PEM ↔ DER,PEM ↔ DER,,,,
nav.tool.qr,QR Share,Partage QR,QR 分享,QR-Sharing,QR साझा करें,,,,
nav.tool.regex,Regex Tester,Testeur de regex,正则测试器,Regex-Tester,रेजेक्स परीक्षक,,,,
nav.tool.revoke,Revoke Key,Révoquer une clé,吊销密钥,Schlüssel widerrufen,कुंजी रद्द करें,,,,
nav.tool.shamir,Shamir Split,Partage Shamir,Shamir 分割,Shamir-Aufteilung,Shamir विभाजन,,,,
nav.tool.sign,Sign,Signer,签名,Signieren,साइन करें,,,,
nav.tool.ssh-key,SSH Key Parser,Analyseur de clé SSH,SSH 密钥解析器,SSH-Schlüssel-Parser,SSH कुंजी पार्सर,,,,
nav.tool.stego,Steganography,Stéganographie,隐写术,Steganografie,स्टेगनोग्राफ़ी,,,,
nav.tool.text-crypto,Text Messages,Messages texte,文本消息,Textnachrichten,टेक्स्ट संदेश,,,,
nav.tool.timestamp,Unix Timestamp,Horodatage Unix,Unix 时间戳,Unix-Zeitstempel,Unix टाइमस्टैम्प,,,,
nav.tool.tls-cert,TLS Certificate Parser,Analyseur de certificat TLS,TLS 证书解析器,TLS-Zertifikat-Parser,TLS प्रमाणपत्र पार्सर,,,,
nav.tool.totp,TOTP / 2FA,TOTP / 2FA,TOTP / 双因素,TOTP / 2FA,TOTP / 2FA,,,,
nav.tool.url,URL Parser,Analyseur d’URL,URL 解析器,URL-Parser,URL पार्सर,,,,
nav.tool.uuid,UUID / ULID,UUID / ULID,UUID / ULID,UUID / ULID,UUID / ULID,,,,
nav.tool.verify,Verify,Vérifier,验证,Verifizieren,सत्यापित करें,,,,
opt.algo.ecc,"ECC (Curve25519, Recommended)","ECC (Curve25519, recommandé)",ECC（Curve25519，推荐）,"ECC (Curve25519, empfohlen)","ECC (Curve25519, अनुशंसित)",,,,
opt.algo.rsa,RSA,RSA,RSA,RSA,RSA,,,,
opt.expires.1y,1 year,1 an,1 年,1 Jahr,1 वर्ष,,,,
opt.expires.2y,2 years,2 ans,2 年,2 Jahre,2 वर्ष,,,,
opt.expires.5y,5 years,5 ans,5 年,5 Jahre,5 वर्ष,,,,
opt.expires.never,Never,Jamais,永不过期,Nie,कभी नहीं,,,,
opt.keysize.3072,3072 bits,3072 bits,3072 位,3072 Bit,3072 बिट,,,,
opt.keysize.4096,4096 bits (Recommended),4096 bits (recommandé),4096 位（推荐）,4096 Bit (empfohlen),4096 बिट (अनुशंसित),,,,
opt.keysize.curve25519,Curve25519 (High Security),Curve25519 (haute sécurité),Curve25519（高安全性）,Curve25519 (hohe Sicherheit),Curve25519 (उच्च सुरक्षा),,,,
opt.revoke.0,No reason specified,Aucune raison spécifiée,未指定原因,Kein Grund angegeben,कोई कारण निर्दिष्ट नहीं,,,,
opt.revoke.1,Key has been compromised,La clé a été compromise,密钥已泄露,Schlüssel wurde kompromittiert,कुंजी से समझौता हो चुका है,,,,
opt.revoke.2,Key is superseded,La clé est remplacée,密钥已被替代,Schlüssel wurde ersetzt,कुंजी को नई कुंजी से बदला गया,,,,
opt.revoke.3,Key is no longer used,La clé n’est plus utilisée,密钥不再使用,Schlüssel wird nicht mehr verwendet,कुंजी अब उपयोग में नहीं है,,,,
password.passwordWarn,Use a strong password - you cannot recover your files without it!,"Utilisez un mot de passe robuste — sans lui, vos fichiers sont irrécupérables.",请使用强密码——没有它，您将无法找回文件！,Verwende ein starkes Passwort — ohne es kannst du deine Dateien nicht wiederherstellen!,मज़बूत पासवर्ड का उपयोग करें — इसके बिना आप अपनी फ़ाइलें पुनः प्राप्त नहीं कर सकते!,,,,
pbkdf2.label.iterations,Iterations,Itérations,迭代次数,Iterationen,पुनरावृत्तियाँ,,,,
pbkdf2.label.keyLen,Key length (bytes),Longueur de clé (octets),密钥长度（字节）,Schlüssellänge (Byte),कुंजी लंबाई (बाइट्स),,,,
pbkdf2.label.password,Password,Mot de passe,密码,Passwort,पासवर्ड,,,,
pbkdf2.label.prf,PRF (hash),PRF (hachage),PRF（哈希）,PRF (Hash),PRF (हैश),,,,
pbkdf2.label.salt,Salt (text or hex),Sel (texte ou hex),盐（文本或十六进制）,Salt (Text oder Hex),साल्ट (टेक्स्ट या हेक्स),,,,
pbkdf2.label.saltType,Salt format,Format du sel,盐格式,Salt-Format,साल्ट प्रारूप,,,,
pbkdf2.opt.hex,Hex,Hex,十六进制,Hex,हेक्स,,,,
pbkdf2.opt.text,Text,Texte,文本,Text,टेक्स्ट,,,,
pbkdf2.row.b64,Derived key (base64),Clé dérivée (base64),派生密钥（base64）,Abgeleiteter Schlüssel (Base64),व्युत्पन्न कुंजी (base64),,,,
pbkdf2.row.error,Error,Erreur,错误,Fehler,त्रुटि,,,,
pbkdf2.row.hex,Derived key (hex),Clé dérivée (hex),派生密钥（十六进制）,Abgeleiteter Schlüssel (Hex),व्युत्पन्न कुंजी (हेक्स),,,,
pbkdf2.row.timeMs,Computed in,Calculé en,耗时,Berechnet in,गणना समय,,,,
pem-der.label.blockLabel,PEM block label (when encoding to PEM):,Étiquette du bloc PEM (lors de l’encodage en PEM) :,PEM 块标签 (编码为 PEM 时):,PEM-Blockbezeichnung (beim PEM-Encoding):,PEM ब्लॉक लेबल (PEM में एनकोड करते समय):,,,,
pem-der.label.input,Input (PEM text or DER as hex / Base64):,Entrée (texte PEM ou DER en hex / Base64) :,输入 (PEM 文本或十六进制/Base64 形式的 DER):,Eingabe (PEM-Text oder DER als Hex / Base64):,इनपुट (PEM टेक्स्ट या DER hex / Base64 के रूप में):,,,,
pem-der.label.output,Output:,Sortie :,输出:,Ausgabe:,आउटपुट:,,,,
pem-der.ph.input,"Paste PEM, hex, or Base64 here…","Collez du PEM, hex ou Base64 ici…",在此粘贴 PEM、十六进制或 Base64…,"PEM, Hex oder Base64 hier einfügen…","PEM, hex या Base64 यहाँ पेस्ट करें…",,,,
pem-der.summary.toDer,Decoded {label}: {bytes} bytes of DER.,{label} décodé : {bytes} octets de DER.,已解码 {label}:{bytes} 字节 DER。,{label} dekodiert: {bytes} Byte DER.,{label} डिकोड किया गया: {bytes} बाइट DER।,,,,
pem-der.summary.toPem,Re-encoded {bytes} bytes as PEM ({label}).,{bytes} octets ré-encodés en PEM ({label}).,已将 {bytes} 字节重新编码为 PEM ({label})。,{bytes} Byte als PEM neu kodiert ({label}).,{bytes} बाइट को PEM ({label}) के रूप में पुनः एनकोड किया गया।,,,,
ph.armorInput,Paste ASCII-armored PGP data here (starts with -----BEGIN PGP...)...,Collez ici des données PGP au format ASCII Armor (commencent par -----BEGIN PGP…)…,在此粘贴 ASCII Armor 格式的 PGP 数据（以 -----BEGIN PGP… 开头）…,ASCII-Armor-PGP-Daten hier einfügen (beginnen mit -----BEGIN PGP…)…,यहाँ ASCII Armor PGP डेटा पेस्ट करें (-----BEGIN PGP… से शुरू होता है)…,,,,
ph.comment,"Work key, Personal key, etc.","Clé professionnelle, clé personnelle, etc.",工作密钥、个人密钥等,"Arbeitsschlüssel, privater Schlüssel usw.","कार्य कुंजी, व्यक्तिगत कुंजी, आदि",,,,
ph.decryptPassphrase,Enter your private key passphrase,Saisissez la phrase secrète de votre clé privée,请输入您的私钥口令,Passphrase deines privaten Schlüssels eingeben,अपनी निजी कुंजी का पासफ़्रेज़ दर्ज करें,,,,
ph.decryptPrivkey,Paste your private PGP key here...,Collez ici votre clé privée PGP…,在此粘贴您的 PGP 私钥…,Deinen privaten PGP-Schlüssel hier einfügen…,यहाँ अपनी PGP निजी कुंजी पेस्ट करें…,,,,
ph.email,your@domain.com,votre@domaine.com,your@domain.com,deine@domain.de,aapka@domain.com,,,,
ph.encryptPubkey,Paste the recipient's public PGP key here...,Collez ici la clé publique PGP du destinataire…,在此粘贴收件人的 PGP 公钥…,Öffentlichen PGP-Schlüssel des Empfängers hier einfügen…,यहाँ प्राप्तकर्ता की PGP सार्वजनिक कुंजी पेस्ट करें…,,,,
ph.keyInfoInput,Paste a PGP key here (starts with -----BEGIN PGP PUBLIC KEY BLOCK----- or -----BEGIN PGP PRIVATE KEY BLOCK-----)...,Collez ici une clé PGP (commence par -----BEGIN PGP PUBLIC KEY BLOCK----- ou -----BEGIN PGP PRIVATE KEY BLOCK-----)…,在此粘贴 PGP 密钥（以 -----BEGIN PGP PUBLIC KEY BLOCK----- 或 -----BEGIN PGP PRIVATE KEY BLOCK----- 开头）…,PGP-Schlüssel hier einfügen (beginnt mit -----BEGIN PGP PUBLIC KEY BLOCK----- oder -----BEGIN PGP PRIVATE KEY BLOCK-----)…,यहाँ PGP कुंजी पेस्ट करें (-----BEGIN PGP PUBLIC KEY BLOCK----- या -----BEGIN PGP PRIVATE KEY BLOCK----- से शुरू होती है)…,,,,
ph.name,John Doe,Jean Dupont,张三,Max Mustermann,राम कुमार,,,,
ph.passphrase,Enter a strong passphrase,Saisissez une phrase secrète robuste,请输入强口令,Gib eine starke Passphrase ein,एक मज़बूत पासफ़्रेज़ दर्ज करें,,,,
ph.passphraseConfirm,Re-enter your passphrase,Saisissez à nouveau votre phrase secrète,请再次输入口令,Passphrase erneut eingeben,अपना पासफ़्रेज़ दोबारा दर्ज करें,,,,
ph.revokePassphrase,Enter your private key passphrase,Saisissez la phrase secrète de votre clé privée,请输入您的私钥口令,Passphrase deines privaten Schlüssels eingeben,अपनी निजी कुंजी का पासफ़्रेज़ दर्ज करें,,,,
ph.revokePrivkey,Paste your private PGP key here...,Collez ici votre clé privée PGP…,在此粘贴您的 PGP 私钥…,Deinen privaten PGP-Schlüssel hier einfügen…,यहाँ अपनी PGP निजी कुंजी पेस्ट करें…,,,,
ph.signMessage,Enter the text you want to sign...,Saisissez le texte à signer…,请输入要签名的文本…,Zu signierenden Text eingeben…,जिस पाठ पर साइन करना है उसे दर्ज करें…,,,,
ph.signPassphrase,Enter your private key passphrase,Saisissez la phrase secrète de votre clé privée,请输入您的私钥口令,Passphrase deines privaten Schlüssels eingeben,अपनी निजी कुंजी का पासफ़्रेज़ दर्ज करें,,,,
ph.signPrivkey,Paste your private PGP key here...,Collez ici votre clé privée PGP…,在此粘贴您的 PGP 私钥…,Deinen privaten PGP-Schlüssel hier einfügen…,यहाँ अपनी PGP निजी कुंजी पेस्ट करें…,,,,
ph.symmetricPassword,Enter a strong password,Saisissez un mot de passe robuste,请输入强密码,Starkes Passwort eingeben,एक मज़बूत पासवर्ड दर्ज करें,,,,
ph.textDecryptMessage,Paste the encrypted PGP message here (starts with -----BEGIN PGP MESSAGE-----)...,Collez ici le message PGP chiffré (commence par -----BEGIN PGP MESSAGE-----)…,在此粘贴 PGP 加密消息（以 -----BEGIN PGP MESSAGE----- 开头）…,Verschlüsselte PGP-Nachricht hier einfügen (beginnt mit -----BEGIN PGP MESSAGE-----)…,यहाँ एन्क्रिप्टेड PGP संदेश पेस्ट करें (-----BEGIN PGP MESSAGE----- से शुरू होता है)…,,,,
ph.textDecryptPassphrase,Enter your private key passphrase,Saisissez la phrase secrète de votre clé privée,请输入您的私钥口令,Passphrase deines privaten Schlüssels eingeben,अपनी निजी कुंजी का पासफ़्रेज़ दर्ज करें,,,,
ph.textDecryptPrivkey,Paste your private PGP key here...,Collez ici votre clé privée PGP…,在此粘贴您的 PGP 私钥…,Deinen privaten PGP-Schlüssel hier einfügen…,यहाँ अपनी PGP निजी कुंजी पेस्ट करें…,,,,
ph.textEncryptMessage,Type your secret message here...,Saisissez ici votre message secret…,在此输入您的秘密消息…,Geheime Nachricht hier eingeben…,अपना गुप्त संदेश यहाँ टाइप करें…,,,,
ph.textEncryptPubkey,Paste the recipient's public PGP key here...,Collez ici la clé publique PGP du destinataire…,在此粘贴收件人的 PGP 公钥…,Öffentlichen PGP-Schlüssel des Empfängers hier einfügen…,यहाँ प्राप्तकर्ता की PGP सार्वजनिक कुंजी पेस्ट करें…,,,,
ph.verifyOriginalMsg,Paste the original message here...,Collez ici le message original…,在此粘贴原始消息…,Originale Nachricht hier einfügen…,यहाँ मूल संदेश पेस्ट करें…,,,,
ph.verifyPubkey,Paste the signer's public PGP key here...,Collez ici la clé publique PGP du signataire…,在此粘贴签名者的 PGP 公钥…,Öffentlichen PGP-Schlüssel des Unterzeichners hier einfügen…,यहाँ हस्ताक्षरकर्ता की PGP सार्वजनिक कुंजी पेस्ट करें…,,,,
ph.verifySignature,Paste the detached signature here...,Collez ici la signature détachée…,在此粘贴分离式签名…,Abgetrennte Signatur hier einfügen…,यहाँ अलग किया गया हस्ताक्षर पेस्ट करें…,,,,
ph.verifySignedMsg,Paste the signed message here...,Collez ici le message signé…,在此粘贴已签名的消息…,Signierte Nachricht hier einfügen…,यहाँ हस्ताक्षरित संदेश पेस्ट करें…,,,,
qr.ec.H,H — High (~30%),H — Élevé (~30 %),H — 高（约 30%）,H — Hoch (~30 %),H — उच्च (~30%),,,,
qr.ec.L,L — Low (~7%),L — Faible (~7 %),L — 低（约 7%）,L — Niedrig (~7 %),L — निम्न (~7%),,,,
qr.ec.M,M — Medium (~15%),M — Moyen (~15 %),M — 中（约 15%）,M — Mittel (~15 %),M — मध्यम (~15%),,,,
qr.ec.Q,Q — Quartile (~25%),Q — Quart (~25 %),Q — 较高（约 25%）,Q — Quartil (~25 %),Q — चतुर्थांश (~25%),,,,
qr.infoBody,Encode a public key or an encrypted message into a QR code. 100% client-side — nothing is uploaded.,Encodez une clé publique ou un message chiffré dans un QR code. 100 % côté client — rien n’est envoyé.,将公钥或加密消息编码为 QR 码。100% 在本地运行——不会上传任何内容。,Kodiere einen öffentlichen Schlüssel oder eine verschlüsselte Nachricht in einen QR-Code. 100 % clientseitig — nichts wird hochgeladen.,सार्वजनिक कुंजी या एन्क्रिप्टेड संदेश को QR कोड में बदलें। 100% क्लाइंट-साइड — कुछ भी अपलोड नहीं होता।,,,,
qr.infoTitle,Hand-to-hand sharing.,Partage en main propre.,面对面分享。,Persönliche Übergabe.,हाथ-से-हाथ साझाकरण।,,,,
qr.label.cellSize,Cell size (px),Taille de cellule (px),单元格大小（像素）,Zellengröße (px),सेल आकार (px),,,,
qr.label.ec,Error correction level,Niveau de correction d’erreur,纠错级别,Fehlerkorrekturstufe,त्रुटि सुधार स्तर,,,,
qr.label.input,Text to encode (public key or encrypted message) *,Texte à encoder (clé publique ou message chiffré) *,要编码的文本（公钥或加密消息） *,Zu kodierender Text (öffentlicher Schlüssel oder verschlüsselte Nachricht) *,एन्कोड करने के लिए टेक्स्ट (सार्वजनिक कुंजी या एन्क्रिप्टेड संदेश) *,,,,
qr.ph.input,Paste a PGP public key or PGP message here...,Collez ici une clé publique PGP ou un message PGP…,在此粘贴 PGP 公钥或 PGP 消息…,Öffentlichen PGP-Schlüssel oder PGP-Nachricht hier einfügen…,यहाँ PGP सार्वजनिक कुंजी या PGP संदेश पेस्ट करें…,,,,
qr.status.multi,Input too large for one QR — split into {count} chunks. Scan in order (1/{count} → {count}/{count}).,Entrée trop grande pour un seul QR — divisée en {count} morceaux. À scanner dans l’ordre (1/{count} → {count}/{count}).,输入过大，已拆分为 {count} 个 QR 码。请按顺序扫描（1/{count} → {count}/{count}）。,Eingabe zu groß für einen QR-Code — in {count} Teile aufgeteilt. In Reihenfolge scannen (1/{count} → {count}/{count}).,इनपुट एक QR के लिए बहुत बड़ा है — {count} टुकड़ों में विभाजित। क्रम में स्कैन करें (1/{count} → {count}/{count})।,,,,
qr.status.single,Encoded {bytes} bytes into a single QR code.,{bytes} octets encodés dans un seul QR code.,已将 {bytes} 字节编码为单个 QR 码。,{bytes} Bytes in einen einzelnen QR-Code kodiert.,{bytes} बाइट्स को एक QR कोड में एन्कोड किया गया।,,,,
regex.label.flags,Flags:,Drapeaux :,标志：,Flags:,फ़्लैग्स:,,,,
regex.label.groups,Capture groups:,Groupes de capture :,捕获分组：,Erfasste Gruppen:,कैप्चर समूह:,,,,
regex.label.input,Test string:,Chaîne à tester :,测试字符串：,Testtext:,परीक्षण स्ट्रिंग:,,,,
regex.label.pattern,Pattern:,Motif :,模式：,Muster:,पैटर्न:,,,,
regex.label.replace,Replacement (optional):,Remplacement (facultatif) :,替换（可选）：,Ersatz (optional):,प्रतिस्थापन (वैकल्पिक):,,,,
regex.label.replaced,Replaced output:,Sortie remplacée :,替换后的输出：,Ersetzte Ausgabe:,प्रतिस्थापित आउटपुट:,,,,
regex.match.count,{n} match(es),{n} correspondance(s),{n} 个匹配,{n} Treffer,{n} मिलान,,,,
regex.match.none,No matches.,Aucune correspondance.,没有匹配。,Keine Treffer.,कोई मिलान नहीं।,,,,
regex.ph.flags,gimsuy,gimsuy,gimsuy,gimsuy,gimsuy,,,,
regex.ph.input,Paste the text to test against…,Collez le texte à tester…,在此粘贴要测试的文本…,Zu testenden Text einfügen…,परीक्षण के लिए टेक्स्ट यहाँ पेस्ट करें…,,,,
regex.ph.replace,"$1, $&, named groups, …","$1, $&, groupes nommés, …",$1、$&、命名分组…,"$1, $&, benannte Gruppen, …","$1, $&, नामित समूह…",,,,
related.heading,Related tools,Outils associés,相关工具,Verwandte Werkzeuge,संबंधित टूल,,,,
revoke.importantBody,"Store your revocation certificate in a safe place, separate from your private key. Generate this immediately after creating a new key pair.","Conservez votre certificat de révocation en lieu sûr, séparé de votre clé privée. Générez-le dès la création d’une nouvelle paire de clés.",请将您的吊销证书存放在与私钥分开的安全位置。在创建新密钥对后立即生成此证书。,"Bewahre dein Widerrufszertifikat an einem sicheren Ort auf, getrennt von deinem privaten Schlüssel. Erzeuge es unmittelbar nach dem Erstellen eines neuen Schlüsselpaars.","अपने रद्दीकरण प्रमाणपत्र को अपनी निजी कुंजी से अलग, सुरक्षित स्थान पर रखें। नई कुंजी जोड़ी बनाने के तुरंत बाद इसे जनरेट करें।",,,,
revoke.importantTitle,Important:,Important :,重要：,Wichtig:,महत्वपूर्ण:,,,,
shamir.infoBody,"Use this for passphrases, private keys, or seed phrases. Each share leaks the length of the secret — pad to a fixed size if length is sensitive. 100% client-side.","Utile pour des phrases secrètes, des clés privées ou des phrases de récupération. Chaque part révèle la longueur du secret — complétez à une taille fixe si la longueur est sensible. 100 % côté client.",可用于口令、私钥或助记词。每一份会泄露秘密的长度——如果长度敏感，请将其填充到固定大小。100% 在本地运行。,"Nützlich für Passphrasen, private Schlüssel oder Seed-Phrasen. Jeder Anteil verrät die Länge des Geheimnisses — fülle bei sensibler Länge auf eine feste Größe auf. 100 % clientseitig.","पासफ़्रेज़, निजी कुंजी या सीड वाक्यांश के लिए इसका उपयोग करें। प्रत्येक भाग रहस्य की लंबाई उजागर करता है — यदि लंबाई संवेदनशील है, तो निश्चित आकार में पैड करें। 100% क्लाइंट-साइड।",,,,
shamir.infoTitle,Split a secret into N shares; need K to reconstruct.,Divisez un secret en N parts ; K parts suffisent pour le reconstruire.,将秘密分割为 N 份；恢复需要其中 K 份。,Teile ein Geheimnis in N Anteile; K reichen zur Rekonstruktion.,किसी रहस्य को N भागों में बाँटें; पुनर्निर्माण के लिए K भाग चाहिए।,,,,
shamir.label.combineInput,Paste shares (one per line) *,Collez les parts (une par ligne) *,粘贴各份（每行一个） *,Anteile einfügen (einer pro Zeile) *,भाग पेस्ट करें (एक प्रति पंक्ति) *,,,,
shamir.label.recovered,Recovered secret,Secret reconstruit,恢复的秘密,Wiederhergestelltes Geheimnis,पुनः प्राप्त रहस्य,,,,
shamir.label.secret,Secret to split *,Secret à diviser *,要分割的秘密 *,Aufzuteilendes Geheimnis *,विभाजित करने के लिए रहस्य *,,,,
shamir.label.threshold,Threshold (K),Seuil (K),阈值 (K),Schwelle (K),सीमा (K),,,,
shamir.label.total,Total shares (N),Nombre total de parts (N),总份数 (N),Gesamtanteile (N),कुल भाग (N),,,,
shamir.mode.combine,Combine,Combiner,合并,Zusammenführen,मिलाएँ,,,,
shamir.mode.split,Split,Diviser,分割,Aufteilen,विभाजित करें,,,,
shamir.ph.combineInput,Paste each share on its own line...,Collez chaque part sur sa propre ligne…,将每一份单独粘贴一行…,Jeden Anteil in eine eigene Zeile einfügen…,प्रत्येक भाग को अलग-अलग पंक्ति में पेस्ट करें…,,,,
shamir.ph.secret,"Paste the secret (passphrase, private key, seed phrase)...","Collez le secret (phrase secrète, clé privée, phrase de récupération)…",粘贴秘密（口令、私钥、助记词）…,"Geheimnis einfügen (Passphrase, privater Schlüssel, Seed-Phrase)…","रहस्य पेस्ट करें (पासफ़्रेज़, निजी कुंजी, सीड वाक्यांश)…",,,,
shamir.share.label,Share {n} of {total},Part {n} sur {total},第 {n} 份，共 {total} 份,Anteil {n} von {total},{total} में से {n},,,,
shamir.sharesHeading,Generated shares (distribute these separately):,Parts générées (à distribuer séparément) :,已生成的份（请分别分发）：,Erzeugte Anteile (separat verteilen):,उत्पन्न भाग (इन्हें अलग-अलग वितरित करें):,,,,
ssh-key.label.input,OpenSSH public key (one line):,Clé publique OpenSSH (une ligne) :,OpenSSH 公钥 (单行):,OpenSSH-Public-Key (eine Zeile):,OpenSSH सार्वजनिक कुंजी (एक पंक्ति):,,,,
ssh-key.ph.input,ssh-ed25519 AAAAC3Nza… user@host,ssh-ed25519 AAAAC3Nza… user@host,ssh-ed25519 AAAAC3Nza… user@host,ssh-ed25519 AAAAC3Nza… user@host,ssh-ed25519 AAAAC3Nza… user@host,,,,
ssh-key.row.bits,Bits,Bits,位数,Bits,बिट्स,,,,
ssh-key.row.comment,Comment,Commentaire,注释,Kommentar,टिप्पणी,,,,
ssh-key.row.error,Error,Erreur,错误,Fehler,त्रुटि,,,,
ssh-key.row.fingerprint,Fingerprint,Empreinte,指纹,Fingerabdruck,फ़िंगरप्रिंट,,,,
ssh-key.row.type,Type,Type,类型,Typ,प्रकार,,,,
stego.capacity,Capacity: ~{bytes} bytes available for payload (header + payload combined: {totalBytes} bytes max).,Capacité : environ {bytes} octets disponibles pour la charge utile (en-tête + charge combinés : {totalBytes} octets max).,容量：约 {bytes} 字节可用于内容（包括头部 + 内容：最多 {totalBytes} 字节）。,Kapazität: ca. {bytes} Bytes für den Inhalt verfügbar (Header + Inhalt zusammen: max. {totalBytes} Bytes).,क्षमता: सामग्री के लिए लगभग {bytes} बाइट्स उपलब्ध (हेडर + सामग्री संयुक्त: अधिकतम {totalBytes} बाइट्स)।,,,,
stego.coverMissing,Select a PNG cover image to see capacity.,Sélectionnez une image PNG de couverture pour voir la capacité.,请选择一张 PNG 载体图像以查看容量。,"Wähle ein PNG-Trägerbild aus, um die Kapazität zu sehen.",क्षमता देखने के लिए PNG कवर छवि चुनें।,,,,
stego.label.cover,Cover image (PNG only) *,Image de couverture (PNG uniquement) *,载体图像（仅 PNG） *,Trägerbild (nur PNG) *,कवर छवि (केवल PNG) *,,,,
stego.label.output,Recovered payload,Charge utile récupérée,已恢复内容,Wiederhergestellter Inhalt,पुनः प्राप्त सामग्री,,,,
stego.label.passwordOptional,Password (optional),Mot de passe (facultatif),密码（可选）,Passwort (optional),पासवर्ड (वैकल्पिक),,,,
stego.label.payload,Payload to hide (encrypted message recommended) *,Charge utile à dissimuler (message chiffré recommandé) *,要隐藏的内容（建议为加密消息） *,Zu versteckender Inhalt (verschlüsselte Nachricht empfohlen) *,छिपाने के लिए सामग्री (एन्क्रिप्टेड संदेश की सलाह दी जाती है) *,,,,
stego.label.stegoImage,Stego image (PNG containing hidden payload) *,Image stégo (PNG contenant la charge cachée) *,隐写图像（包含隐藏内容的 PNG） *,Stego-Bild (PNG mit verstecktem Inhalt) *,स्टेगो छवि (छिपी सामग्री वाली PNG) *,,,,
stego.mode.hide,Hide,Dissimuler,隐藏,Verstecken,छिपाएँ,,,,
stego.mode.reveal,Reveal,Révéler,提取,Aufdecken,प्रकट करें,,,,
stego.ph.passwordOptional,Optional password,Mot de passe facultatif,可选密码,Optionales Passwort,वैकल्पिक पासवर्ड,,,,
stego.ph.payload,Paste the (encrypted) text you want to hide...,Collez ici le texte (chiffré) à dissimuler…,在此粘贴要隐藏的（加密）文本…,"Hier den (verschlüsselten) Text einfügen, den du verstecken möchtest…",जो (एन्क्रिप्टेड) टेक्स्ट छिपाना है उसे यहाँ पेस्ट करें…,,,,
stego.warnBody,"Always encrypt your message first (Text Messages tab), then hide the encrypted block here. PNG output only — JPEG would destroy the hidden bits. Sophisticated steganalysis can detect LSB modification; this is for casual concealment, not nation-state adversaries.","Chiffrez d’abord votre message (onglet Messages texte), puis dissimulez le bloc chiffré ici. Sortie PNG uniquement : un JPEG détruirait les bits cachés. Une stéganalyse poussée peut détecter une modification LSB ; ceci est destiné à une dissimulation modérée, pas à des adversaires d’État.",请先在“文本消息”标签中加密您的消息，然后将加密块隐藏在此处。仅支持 PNG 输出——JPEG 会破坏隐藏比特。高级隐写分析可能检测到 LSB 修改；此功能用于一般隐蔽，并非对抗国家级敌手。,"Verschlüssele deine Nachricht zuerst (Tab Textnachrichten) und verstecke dann den verschlüsselten Block hier. Nur PNG-Ausgabe — JPEG würde die versteckten Bits zerstören. Anspruchsvolle Steganalyse kann LSB-Veränderungen erkennen; dies dient der gelegentlichen Verschleierung, nicht gegen staatliche Angreifer.","पहले अपने संदेश को (टेक्स्ट संदेश टैब में) एन्क्रिप्ट करें, फिर एन्क्रिप्टेड ब्लॉक को यहाँ छिपाएँ। केवल PNG आउटपुट — JPEG छिपी हुई बिट्स को नष्ट कर देगा। उन्नत स्टेगन-विश्लेषण LSB परिवर्तनों का पता लगा सकता है; यह सामान्य छिपाव के लिए है, राज्य-स्तरीय विरोधियों के लिए नहीं।",,,,
stego.warnTitle,"Steganography hides existence, not content.","La stéganographie cache l’existence, pas le contenu.",隐写术隐藏的是存在，而非内容。,"Steganografie verbirgt die Existenz, nicht den Inhalt.","स्टेगनोग्राफ़ी अस्तित्व को छिपाती है, सामग्री को नहीं।",,,,
timestamp.label.input,"Input (Unix seconds, milliseconds, or ISO 8601):","Entrée (Unix secondes, millisecondes ou ISO 8601) :",输入（Unix 秒、毫秒或 ISO 8601）：,"Eingabe (Unix-Sekunden, Millisekunden oder ISO 8601):","इनपुट (Unix सेकंड, मिलीसेकंड, या ISO 8601):",,,,
timestamp.ph.input,e.g. 1700000000 or 2023-11-14T22:13:20Z,p.ex. 1700000000 ou 2023-11-14T22:13:20Z,例如 1700000000 或 2023-11-14T22:13:20Z,z. B. 1700000000 oder 2023-11-14T22:13:20Z,जैसे 1700000000 या 2023-11-14T22:13:20Z,,,,
timestamp.rel.future,in {n} {unit},dans {n} {unit},{n} {unit}后,in {n} {unit},{n} {unit} में,,,,
timestamp.rel.past,{n} {unit} ago,il y a {n} {unit},{n} {unit}前,vor {n} {unit},{n} {unit} पहले,,,,
timestamp.row.iso,ISO 8601 (UTC),ISO 8601 (UTC),ISO 8601（UTC）,ISO 8601 (UTC),ISO 8601 (UTC),,,,
timestamp.row.local,Local time,Heure locale,本地时间,Lokale Zeit,स्थानीय समय,,,,
timestamp.row.relative,Relative,Relatif,相对,Relativ,सापेक्ष,,,,
timestamp.row.unixMs,Unix milliseconds,Unix millisecondes,Unix 毫秒,Unix-Millisekunden,Unix मिलीसेकंड,,,,
timestamp.row.unixSec,Unix seconds,Unix secondes,Unix 秒,Unix-Sekunden,Unix सेकंड,,,,
timestamp.row.utc,UTC string,Chaîne UTC,UTC 字符串,UTC-String,UTC स्ट्रिंग,,,,
tls-cert.expired,EXPIRED,EXPIRÉ,已过期,ABGELAUFEN,समाप्त,,,,
tls-cert.label.input,PEM-encoded X.509 certificate:,Certificat X.509 encodé en PEM :,PEM 编码的 X.509 证书:,PEM-kodiertes X.509-Zertifikat:,PEM-एनकोडेड X.509 प्रमाणपत्र:,,,,
tls-cert.notYetValid,Not yet valid,Pas encore valide,尚未生效,Noch nicht gültig,अभी तक मान्य नहीं,,,,
tls-cert.ph.input,-----BEGIN CERTIFICATE-----…,-----BEGIN CERTIFICATE-----…,-----BEGIN CERTIFICATE-----…,-----BEGIN CERTIFICATE-----…,-----BEGIN CERTIFICATE-----…,,,,
tls-cert.row.error,Error,Erreur,错误,Fehler,त्रुटि,,,,
tls-cert.row.fpSha1,Fingerprint (SHA-1),Empreinte (SHA-1),指纹 (SHA-1),Fingerabdruck (SHA-1),फ़िंगरप्रिंट (SHA-1),,,,
tls-cert.row.fpSha256,Fingerprint (SHA-256),Empreinte (SHA-256),指纹 (SHA-256),Fingerabdruck (SHA-256),फ़िंगरप्रिंट (SHA-256),,,,
tls-cert.row.issuer,Issuer,Émetteur,颁发者,Aussteller,जारीकर्ता,,,,
tls-cert.row.notAfter,Not after,Pas après,失效时间,Gültig bis,इसके बाद नहीं,,,,
tls-cert.row.notBefore,Not before,Pas avant,生效时间,Gültig ab,इससे पहले नहीं,,,,
tls-cert.row.publicKey,Public key,Clé publique,公钥,Öffentlicher Schlüssel,सार्वजनिक कुंजी,,,,
tls-cert.row.san,Subject alternative names,Noms alternatifs du sujet,使用者备用名称,Alternative Subjektnamen,विषय वैकल्पिक नाम,,,,
tls-cert.row.serial,Serial,Numéro de série,序列号,Seriennummer,सीरियल,,,,
tls-cert.row.sigAlg,Signature algorithm,Algorithme de signature,签名算法,Signaturalgorithmus,हस्ताक्षर एल्गोरिथ्म,,,,
tls-cert.row.status,Status,État,状态,Status,स्थिति,,,,
tls-cert.row.subject,Subject,Sujet,主体,Subjekt,विषय,,,,
tls-cert.row.version,Version,Version,版本,Version,संस्करण,,,,
tls-cert.valid,Currently valid,Actuellement valide,当前有效,Aktuell gültig,अभी मान्य,,,,
tool.armor.about.how,"OpenPGP.js wraps or unwraps the armor locally, including the CRC-24 checksum.",,,,,,,,
tool.armor.about.what,Converts between PGP binary and ASCII-armored encodings — the Base64-with-header form you paste into emails or chat.,,,,,,,,
tool.armor.about.why,"Some tools emit binary, others emit armored. Round-tripping locally avoids exposing the key material to a converter you don’t control.",,,,,,,,
tool.armor.desc,Convert binary to and from ASCII armor.,Convertir entre binaire et ASCII armor.,在二进制和 ASCII Armor 之间转换。,Binär in und aus ASCII-Armor umwandeln.,बाइनरी और ASCII Armor के बीच परिवर्तित करें।,,,,
tool.armor.metaDescription,Convert PGP material between binary and ASCII-armored encodings (a Base64 wrapper with checksum and header lines).,,,,,,,,
tool.armor.title,PGP ASCII Armor Converter (Binary ↔ Armored),,,,,,,,
tool.base.about.how,"Pure JavaScript BigInt arithmetic, so values aren’t limited to 53-bit JS Number precision. Negative numbers are preserved sign-and-magnitude; the bit length reflects the absolute value.",,,,,,,,
tool.base.about.what,"Converts an integer between binary, octal, decimal, hexadecimal, and an arbitrary base (2–36) — auto-detecting the input format from common prefixes.",,,,,,,,
tool.base.about.why,"A reliable base converter is a daily reach for low-level work — bitmask debugging, embedded-systems registers, color values, opcodes — and a local one keeps potentially sensitive constants off third-party servers.",,,,,,,,
tool.base.desc,"Convert integers between binary, octal, decimal, hex, and any base 2–36.","Convertir des entiers entre binaire, octal, décimal, hex et toute base 2–36.",在二进制、八进制、十进制、十六进制以及任意 2–36 进制之间转换整数。,"Ganze Zahlen zwischen Binär, Oktal, Dezimal, Hex und beliebiger Basis 2–36 umrechnen.","द्विआधारी, अष्टाधारी, दशमलव, हेक्स और 2–36 के बीच किसी भी आधार में पूर्णांक बदलें।",,,,
tool.base.metaDescription,"Convert integers between binary, octal, decimal, hexadecimal, and any base from 2 to 36. Handles negative numbers and arbitrarily large values via BigInt.",,,,,,,,
tool.base.title,Number Base Converter (Binary / Octal / Decimal / Hex / Any Base 2–36),,,,,,,,
tool.bic.about.how,"A regex enforces the character classes and a country-code lookup against the IBAN country table sanity-checks the country segment. BIC has no checksum, so the check is purely structural.",Une expression régulière vérifie les classes de caractères et une recherche dans la table des pays IBAN contrôle le code pays. Le BIC n’a pas de clé de contrôle : la vérification est purement structurelle.,,"Eine reguläre Ausdrucksprüfung erzwingt die Zeichenklassen; eine Länderkennung gegen die IBAN-Ländertabelle plausibilisiert das Land. BIC hat keine Prüfsumme, daher ist die Prüfung rein strukturell.",,,,,
tool.bic.about.what,Validates a BIC / SWIFT code against the ISO 9362 layout (4 bank + 2 country + 2 location + optional 3 branch) and flags conventional markers like the trailing 0 on test BICs.,Valide un code BIC / SWIFT selon la structure ISO 9362 (4 lettres banque + 2 pays + 2 localisation + 3 agence facultatifs) et signale les marqueurs conventionnels comme le 0 final des BIC de test.,,Validiert einen BIC / SWIFT-Code gegen das ISO-9362-Schema (4 Bank + 2 Land + 2 Ort + optional 3 Filiale) und markiert konventionelle Kennzeichen wie die abschließende 0 bei Test-BICs.,,,,,
tool.bic.about.why,"Quick offline sanity check for SEPA payment files, vendor onboarding forms, and back-office reconciliation work — without exposing the BIC to a third-party validator.","Contrôle hors-ligne rapide pour les fichiers SEPA, les formulaires d’enregistrement de fournisseurs et la réconciliation back-office — sans exposer le BIC à un validateur tiers.",,"Schneller Offline-Check für SEPA-Zahlungsdateien, Lieferanten-Onboarding-Formulare und Back-Office-Abgleich — ohne den BIC an einen Drittanbieter weiterzugeben.",,,,,
tool.bic.desc,Check the ISO 9362 format of a BIC / SWIFT code and decode its components.,Contrôler le format ISO 9362 d’un code BIC / SWIFT et en décomposer les éléments.,校验 BIC / SWIFT 代码的 ISO 9362 格式并解析其组成。,ISO-9362-Format eines BIC / SWIFT-Codes prüfen und seine Bestandteile dekodieren.,BIC / SWIFT कोड का ISO 9362 स्वरूप जाँचें और घटक डिकोड करें।,,,,
tool.bic.metaDescription,"Check whether a BIC / SWIFT code matches the ISO 9362 format and decode its bank, country, location, and branch components. Local-only — nothing leaves your browser.","Vérifiez qu’un code BIC / SWIFT respecte le format ISO 9362 et décodez ses composantes : banque, pays, localisation, agence. Tout reste dans votre navigateur.",,"Prüft, ob ein BIC / SWIFT-Code dem ISO-9362-Format entspricht, und dekodiert Bank, Land, Ort und Filiale. Rein lokal — nichts verlässt den Browser.",,,,,
tool.bic.title,BIC / SWIFT Code Checker (ISO 9362 format and component decoder),Contrôle de code BIC / SWIFT (format ISO 9362 et décodage des éléments),,BIC / SWIFT-Prüfung (ISO-9362-Format und Bestandteil-Dekoder),,,,,
tool.bip39.about.how,"Random entropy comes from crypto.getRandomValues; the BIP39 checksum is the leading bits of SHA-256(entropy); the seed is PBKDF2-HMAC-SHA512(mnemonic, ""mnemonic"" + passphrase, 2048 iter, 64 bytes). All steps run locally.",,,,,,,,
tool.bip39.about.what,Generates or validates BIP-0039 mnemonic seed phrases — the standard 12-to-24-word backup format used by most cryptocurrency wallets and Trezor / Ledger devices.,,,,,,,,
tool.bip39.about.why,Wallet seed phrases are the master key to every coin you own. A web tool that uploads or logs them is catastrophic — local generation and validation is the only safe model.,,,,,,,,
tool.bip39.desc,Generate or validate BIP-0039 mnemonic seed phrases.,Générer ou valider une phrase mnémonique BIP-0039.,生成或验证 BIP-0039 助记词种子短语。,BIP-0039-Mnemonic-Seed-Phrasen erzeugen oder validieren.,BIP-0039 निमोनिक सीड वाक्यांश बनाएँ या मान्य करें।,,,,
tool.bip39.metaDescription,"Generate cryptographically random 12 / 15 / 18 / 21 / 24-word BIP-0039 mnemonic seed phrases, or validate the checksum of any existing mnemonic, locally in your browser.",,,,,,,,
tool.bip39.title,BIP39 Mnemonic Seed Phrase Generator and Validator,,,,,,,,
tool.cidr.about.how,Pure 32-bit unsigned arithmetic in vanilla JavaScript — no libraries needed for IPv4.,,,,,,,,
tool.cidr.about.what,"Decodes IPv4 CIDR notation into network address, broadcast, netmask, wildcard, host range, and total address count.",,,,,,,,
tool.cidr.about.why,"Quick local sanity-check when planning subnets, debugging firewall rules, or sizing a VPC without exposing the topology to a third-party tool.",,,,,,,,
tool.cidr.desc,"Decode IPv4 CIDR notation: network, broadcast, host range, total addresses.","Décoder une notation CIDR IPv4 : réseau, diffusion, plage d’hôtes, total d’adresses.",解码 IPv4 CIDR：网络、广播、主机范围、总地址数。,"IPv4-CIDR dekodieren: Netzwerk, Broadcast, Hostbereich, Gesamtzahl.","IPv4 CIDR डिकोड करें: नेटवर्क, ब्रॉडकास्ट, होस्ट रेंज, कुल पते।",,,,
tool.cidr.metaDescription,"Decode an IPv4 CIDR block locally: network address, broadcast, netmask, wildcard, host range, and RFC 1918 / loopback / link-local indicators.",,,,,,,,
tool.cidr.title,"CIDR Subnet Calculator (IPv4) — Network, Broadcast, Host Range",,,,,,,,
tool.color.about.how,"Hand-rolled conversions, including the Oklab linear-RGB matrices for OKLCH; WCAG ratio uses sRGB relative luminance.",,,,,,,,
tool.color.about.what,"Converts colors between HEX, RGB, HSL, and OKLCH — and checks foreground/background pairs against WCAG AA / AAA contrast thresholds.",,,,,,,,
tool.color.about.why,Accessibility-checking your design system locally beats pasting brand colors into an unfamiliar online tool.,,,,,,,,
tool.color.desc,"Convert between HEX, RGB, HSL, OKLCH and check WCAG contrast.","Convertir entre HEX, RGB, HSL, OKLCH et vérifier le contraste WCAG.",在 HEX、RGB、HSL、OKLCH 之间转换并检查 WCAG 对比度。,"Zwischen HEX, RGB, HSL, OKLCH umwandeln und WCAG-Kontrast prüfen.","HEX, RGB, HSL, OKLCH के बीच रूपांतरित करें और WCAG कंट्रास्ट जाँचें।",,,,
tool.color.metaDescription,"Convert colors between HEX, RGB, HSL, and OKLCH; check WCAG AA / AAA contrast against a foreground/background pair.",,,,,,,,
tool.color.title,Color Converter (HEX / RGB / HSL / OKLCH) and WCAG Contrast Checker,,,,,,,,
tool.cron.about.how,"A small parser handles *, */n, ranges, lists, and named months/days; the next-run search walks the calendar minute-by-minute with a 5-year safety bound.",,,,,,,,
tool.cron.about.what,Decodes a 5-field cron expression into prose and computes the next 5 fire times in your local timezone.,,,,,,,,
tool.cron.about.why,"Sanity-checking a cron expression against your local clock catches ""every-minute"" mistakes before you deploy them.",,,,,,,,
tool.cron.desc,Translate a cron expression into prose and the next run times.,Traduire une expression cron en texte et afficher les prochaines exécutions.,将 cron 表达式翻译为文本并显示下次运行时间。,Cron-Ausdruck in Klartext und nächste Ausführungszeiten übersetzen.,cron अभिव्यक्ति को टेक्स्ट और अगले रन समय में अनुवाद करें।,,,,
tool.cron.metaDescription,Decode a 5-field cron expression into prose and the next 5 run times in your local timezone. Pure local computation.,,,,,,,,
tool.cron.title,Cron Expression Decoder with Next Run Times,,,,,,,,
tool.csv.about.how,"A small RFC 4180-style parser handles quoted fields, escaped quotes, and CRLF/LF endings — all in vanilla JavaScript.",,,,,,,,
tool.csv.about.what,"Converts between CSV, TSV, and JSON (array of objects) with proper quoting and delimiter auto-detection.",,,,,,,,
tool.csv.about.why,Production CSVs often contain customer data. Converting them on a remote site can violate the same compliance rules you’re trying to honor.,,,,,,,,
tool.csv.desc,"Convert between CSV, TSV, and JSON tabular data.","Convertir entre CSV, TSV et JSON tabulaire.",在 CSV、TSV 与 JSON 表格格式之间转换。,"Zwischen CSV-, TSV- und JSON-Tabellendaten umwandeln.","CSV, TSV और JSON तालिका डेटा के बीच रूपांतरित करें।",,,,
tool.csv.metaDescription,"Convert tabular data between CSV, TSV, and JSON-array-of-objects locally. RFC 4180 quoting, delimiter auto-detect.",,,,,,,,
tool.csv.title,CSV / TSV / JSON Tabular Data Converter,,,,,,,,
tool.decrypt.about.how,OpenPGP.js unwraps the symmetric session key with your private key and decrypts the payload locally.,,,,,,,,
tool.decrypt.about.what,Decrypts a PGP-encrypted file using your private key and the passphrase that protects it.,,,,,,,,
tool.decrypt.about.why,"Uploading an encrypted file to a third-party ""decrypt online"" service hands them the ciphertext to keep forever.",,,,,,,,
tool.decrypt.desc,Decrypt files with your private key.,Déchiffrer des fichiers avec votre clé privée.,使用您的私钥解密文件。,Dateien mit Ihrem privaten Schlüssel entschlüsseln.,अपनी निजी कुंजी से फ़ाइलें डिक्रिप्ट करें।,,,,
tool.decrypt.metaDescription,Decrypt PGP-encrypted files locally with your private key and passphrase. Plaintext stays in your browser.,,,,,,,,
tool.decrypt.title,PGP File Decryption (Private Key),,,,,,,,
tool.diff.about.how,A line-level LCS dynamic-programming algorithm runs locally; whitespace and case can be normalized before comparison.,,,,,,,,
tool.diff.about.what,"Compares two text blobs line-by-line and highlights additions, deletions, and unchanged lines.",,,,,,,,
tool.diff.about.why,Pasting code or config into an online diff tool can leak secrets baked into the snippet — doing it locally avoids the risk.,,,,,,,,
tool.diff.desc,Compare two text blobs and highlight differences.,Comparer deux blocs de texte et mettre en évidence les différences.,比较两段文本并高亮显示差异。,Zwei Texte vergleichen und Unterschiede hervorheben.,दो टेक्स्ट ब्लॉक की तुलना करें और अंतर हाइलाइट करें।,,,,
tool.diff.metaDescription,Compare two text blobs line-by-line with optional ignore-whitespace and ignore-case toggles. Inline +/- markers.,,,,,,,,
tool.diff.title,Text Diff Tool with Whitespace and Case Options,,,,,,,,
tool.encode.about.how,"All codecs are vanilla JavaScript running locally — no libraries vendored, no network calls.",,,,,,,,
tool.encode.about.what,"Cross-converts between text, hex, Base64 (standard + URL-safe), Base32, and Base58 (Bitcoin alphabet).",,,,,,,,
tool.encode.about.why,"Online encoders log everything you paste. Doing common encoding swaps locally keeps secrets, keys, and tokens out of someone else’s logs.",,,,,,,,
tool.encode.desc,"Convert Base64, Base32, Base58, and Hex.","Convertir Base64, Base32, Base58 et hexadécimal.",在 Base64、Base32、Base58 和十六进制之间转换。,"Zwischen Base64, Base32, Base58 und Hex umwandeln.","Base64, Base32, Base58 और हेक्स में परिवर्तित करें।",,,,
tool.encode.metaDescription,"Convert between text, hex, Base64 (standard and URL-safe), Base32, and Base58 (Bitcoin alphabet). Vanilla JS, no libs.",,,,,,,,
tool.encode.title,Base64 / Base32 / Base58 / Hex Encoder and Decoder,,,,,,,,
tool.encrypt.about.how,OpenPGP.js performs hybrid encryption locally: a per-file symmetric key wrapped with each recipient’s public key.,,,,,,,,
tool.encrypt.about.what,Encrypts one or more files for the holder(s) of the supplied PGP public key(s).,,,,,,,,
tool.encrypt.about.why,Server-side encryption services see your plaintext. Doing it in the browser means only the recipient’s private key can recover it.,,,,,,,,
tool.encrypt.desc,Encrypt files with a public key.,Chiffrer des fichiers avec une clé publique.,使用公钥加密文件。,Dateien mit einem öffentlichen Schlüssel verschlüsseln.,सार्वजनिक कुंजी से फ़ाइलें एन्क्रिप्ट करें।,,,,
tool.encrypt.metaDescription,"Encrypt files with one or more PGP public keys, entirely in your browser. The recipient decrypts with their private key.",,,,,,,,
tool.encrypt.title,PGP File Encryption (Public Key),,,,,,,,
tool.exif.about.how,The image is decoded to a canvas in your browser and re-encoded without metadata segments.,,,,,,,,
tool.exif.about.what,"Removes EXIF metadata — GPS coordinates, camera serial numbers, timestamps — from JPEG, PNG, and WebP images.",,,,,,,,
tool.exif.about.why,Photos posted online routinely include the exact lat/lon they were taken at. Stripping locally prevents you from leaking that to the host.,,,,,,,,
tool.exif.desc,Strip metadata from images.,Supprimer les métadonnées des images.,清除图像中的元数据。,Metadaten aus Bildern entfernen.,छवियों से मेटाडेटा हटाएँ।,,,,
tool.exif.metaDescription,"Strip EXIF, GPS, and other metadata from JPEG, PNG, and WebP images locally before you share or publish them.",,,,,,,,
tool.exif.title,EXIF Metadata Stripper (JPEG / PNG / WebP),,,,,,,,
tool.format.about.how,JSON uses native JSON.parse/stringify; YAML uses vendored js-yaml; XML uses the browser’s DOMParser plus a small indent walk.,,,,,,,,
tool.format.about.what,"Pretty-prints, minifies, and converts between JSON, YAML, and XML.",,,,,,,,
tool.format.about.why,Pasting production configs into an online formatter routinely leaks credentials baked into the structure. Local conversion keeps the data put.,,,,,,,,
tool.format.desc,"Pretty-print, minify, and convert between JSON, YAML, and XML.","Mettre en forme, minifier et convertir entre JSON, YAML et XML.",在 JSON、YAML、XML 之间美化、压缩和转换。,"JSON, YAML und XML formatieren, minifizieren und untereinander umwandeln.","JSON, YAML और XML के बीच सुंदर बनाएँ, छोटा करें और रूपांतरित करें।",,,,
tool.format.metaDescription,"Pretty-print, minify, and cross-convert between JSON and YAML; pretty-print or minify XML. Vendored js-yaml; no network calls.",,,,,,,,
tool.format.title,JSON / YAML / XML Formatter and Converter,,,,,,,,
tool.generate.about.how,OpenPGP.js generates the keys entirely in your browser using the Web Crypto random source; nothing is uploaded anywhere.,,,,,,,,
tool.generate.about.what,"Creates a brand-new PGP key pair (public + private) so you can encrypt mail, sign files, and prove your identity.",,,,,,,,
tool.generate.about.why,Online generators can log or weaken your private key. Local generation means only you ever see the secret material.,,,,,,,,
tool.generate.desc,Create a new PGP keypair.,Créer une nouvelle paire de clés PGP.,创建新的 PGP 密钥对。,Ein neues PGP-Schlüsselpaar erstellen.,नई PGP कुंजी जोड़ी बनाएँ।,,,,
tool.generate.metaDescription,Generate a fresh PGP key pair locally — ECC Curve25519 or RSA 3072/4096. Keys never leave your browser.,,,,,,,,
tool.generate.title,"PGP Key Pair Generator (ECC Curve25519, RSA 3072/4096)",,,,,,,,
tool.gs1.about.how,"Reading the digits right-to-left (excluding the check digit), alternate weights of 3 and 1, sum, and compute (10 − sum mod 10) mod 10. Compare to the supplied check digit.","Les chiffres sont lus de droite à gauche (sans la clé), avec des poids alternés de 3 et 1 ; on additionne, puis on calcule (10 − somme mod 10) mod 10. Le résultat est comparé à la clé fournie.",,"Die Ziffern werden von rechts nach links (ohne die Prüfziffer) mit alternierenden Gewichten 3 und 1 multipliziert, aufsummiert und über (10 − Summe mod 10) mod 10 in die Prüfziffer überführt.",,,,,
tool.gs1.about.what,"Validates the mod-10 weighted checksum on EAN-8, UPC-A, EAN-13 / GTIN-13, ITF-14 / GTIN-14, and SSCC, and looks up the issuing region from the GS1 prefix table.","Valide la clé mod-10 pondérée pour EAN-8, UPC-A, EAN-13 / GTIN-13, ITF-14 / GTIN-14 et SSCC, et identifie la région d’émission depuis la table des préfixes GS1.",,"Validiert die mod-10-gewichtete Prüfsumme für EAN-8, UPC-A, EAN-13 / GTIN-13, ITF-14 / GTIN-14 und SSCC und schlägt die ausgebende Region in der GS1-Präfix-Tabelle nach.",,,,,
tool.gs1.about.why,"Useful when you are reconciling product feeds, debugging label printers, or auditing a barcode dataset — without piping product codes through a third-party service.","Pratique pour rapprocher des flux produits, déboguer des imprimantes d’étiquettes ou auditer un jeu de codes-barres — sans envoyer de codes produit à un service tiers.",,"Hilft beim Abgleich von Produktfeeds, beim Debuggen von Etikettendruckern oder beim Audit eines Barcode-Datensatzes — ohne Produktcodes an einen Drittanbieter zu schicken.",,,,,
tool.gs1.desc,Verify GS1 / EAN-8 / EAN-13 / UPC-A / GTIN-14 / SSCC checksums and decode the prefix.,Vérifier les clés EAN-8 / EAN-13 / UPC-A / GTIN-14 / SSCC et décoder le préfixe GS1.,校验 GS1 / EAN-8 / EAN-13 / UPC-A / GTIN-14 / SSCC 校验位并解析前缀。,GS1- / EAN-8- / EAN-13- / UPC-A- / GTIN-14- / SSCC-Prüfziffern prüfen und das Präfix dekodieren.,GS1 / EAN-8 / EAN-13 / UPC-A / GTIN-14 / SSCC चेकसम सत्यापित करें और उपसर्ग डिकोड करें।,,,,
tool.gs1.metaDescription,"Verify a barcode’s mod-10 weighted check digit (EAN-8, EAN-13, UPC-A, GTIN-14, SSCC) and look up the GS1 country / region prefix locally.","Vérifiez la clé mod-10 d’un code-barres (EAN-8, EAN-13, UPC-A, GTIN-14, SSCC) et identifiez la région GS1 émettrice — entièrement en local.",,"Prüfen Sie die mod-10-gewichtete Prüfziffer eines Barcodes (EAN-8, EAN-13, UPC-A, GTIN-14, SSCC) und ermitteln Sie das GS1-Länder-/Regionspräfix — vollständig lokal.",,,,,
tool.gs1.title,GS1 / EAN / GTIN / SSCC Barcode Checksum (mod-10) and Prefix Decoder,Clé de contrôle GS1 / EAN / GTIN / SSCC (mod-10) et décodeur de préfixe,,GS1- / EAN- / GTIN- / SSCC-Prüfziffer (mod-10) und Präfix-Dekoder,,,,,
tool.hash.about.how,Web Crypto SubtleCrypto.digest runs locally; the comparison uses a constant-time check so timing won’t leak partial info.,,,,,,,,
tool.hash.about.what,"Computes SHA-1/256/384/512 over text or file input, and compares two hashes side-by-side.",,,,,,,,
tool.hash.about.why,Verifying a download against a published hash is the standard way to detect tampering — doing it offline avoids trusting a remote checksum tool.,,,,,,,,
tool.hash.desc,Compute SHA-1/256/384/512 of text or files.,Calculer SHA-1/256/384/512 d’un texte ou d’un fichier.,计算文本或文件的 SHA-1/256/384/512。,SHA-1/256/384/512 von Text oder Dateien berechnen.,टेक्स्ट या फ़ाइल का SHA-1/256/384/512 गणना करें।,,,,
tool.hash.metaDescription,Compute SHA-1/256/384/512 hashes over text or files locally; compare two hashes with a constant-time match indicator.,,,,,,,,
tool.hash.title,Hash and Checksum (SHA-1 / SHA-256 / SHA-384 / SHA-512),,,,,,,,
tool.hmac.about.how,Web Crypto’s SubtleCrypto.HMAC runs locally; verification uses constant-time comparison so timing leaks don’t reveal partial matches.,,,,,,,,
tool.hmac.about.what,Computes or verifies an HMAC — the standard symmetric construction for proving a message hasn’t been tampered with.,,,,,,,,
tool.hmac.about.why,"HMAC powers webhook signatures, JWTs, and API auth. Computing one offline lets you sanity-check what a server expects.",,,,,,,,
tool.hmac.desc,Sign or verify a message with a shared key.,Signer ou vérifier un message avec une clé partagée.,使用共享密钥签名或验证消息。,Nachrichten mit gemeinsamem Schlüssel signieren oder prüfen.,साझा कुंजी से संदेश पर हस्ताक्षर या सत्यापन करें।,,,,
tool.hmac.metaDescription,Compute or verify HMAC-SHA-1/256/384/512 over a text or hex-keyed input using Web Crypto. Constant-time comparison on verify.,,,,,,,,
tool.hmac.title,HMAC Sign and Verify (SHA-1/256/384/512),,,,,,,,
tool.iban.about.how,"ISO 13616 specifies a per-country length and structure. The MOD-97 checksum rearranges the IBAN as BBAN+CC+""00"", maps A–Z to 10–35, and confirms (mod 97) === 1. Generation inverts that to compute the two check digits.","La norme ISO 13616 fixe une longueur et une structure par pays. La clé MOD-97 réorganise l’IBAN en BBAN+CC+« 00 », mappe A–Z sur 10–35 et vérifie (mod 97) === 1. La génération inverse ce calcul pour produire les deux chiffres de contrôle.",,"ISO 13616 schreibt Länge und Struktur je Land vor. Die MOD-97-Prüfsumme stellt die IBAN als BBAN+CC+„00“ um, bildet A–Z auf 10–35 ab und prüft (mod 97) === 1. Die Generierung kehrt das um, um die beiden Prüfziffern zu berechnen.",,,,,
tool.iban.about.what,"Checks an IBAN for correct length, character set, and MOD-97 checksum — and, when the checksum is good, splits out the bank, branch, and account fields per the country’s BBAN structure. Optional generator side produces a syntactically valid test IBAN.","Contrôle la longueur, les caractères autorisés et la clé MOD-97 d’un IBAN — et, lorsque la clé est correcte, isole les codes banque, guichet et compte selon la structure du BBAN du pays. Le générateur produit un IBAN syntaxiquement valide à des fins de test.",,"Prüft eine IBAN auf richtige Länge, zulässige Zeichen und MOD-97-Prüfsumme — und zerlegt sie bei gültiger Prüfsumme nach der länderspezifischen BBAN-Struktur in Bankleitzahl, Filialcode und Kontonummer. Optional erzeugt der Generator eine syntaktisch gültige Test-IBAN.",,,,,
tool.iban.about.why,"Catches mistyped IBANs without ever sending an account number to a third-party service. The generator produces valid-looking IBANs for QA pipelines, fixtures, and integration tests — never use them for real payments.","Détecte les fautes de frappe sans jamais transmettre un numéro de compte à un service tiers. Le générateur produit des IBAN valides pour les fixtures, les tests d’intégration et les pipelines QA — ne jamais s’en servir pour de vrais paiements.",,"Erkennt Tippfehler, ohne jemals eine Kontonummer an einen Dritten zu senden. Der Generator liefert valide IBANs für QA-Pipelines, Fixtures und Integrationstests — niemals für echte Zahlungen verwenden.",,,,,
tool.iban.desc,Validate or generate test IBANs with the MOD-97 checksum and per-country structure.,Vérifier ou générer un IBAN de test avec la clé MOD-97 et la structure par pays.,使用 MOD-97 校验和按国家结构验证或生成测试用 IBAN。,IBAN mit MOD-97-Prüfsumme und länderspezifischer Struktur prüfen oder Test-IBAN erzeugen.,MOD-97 चेकसम और देशवार संरचना के साथ IBAN सत्यापित करें या परीक्षण के लिए जनरेट करें।,,,,
tool.iban.metaDescription,"Validate any IBAN against its ISO 13616 country length and MOD-97 checksum, or generate a syntactically valid IBAN for testing. Runs locally; no network calls.","Vérifiez n’importe quel IBAN selon sa longueur ISO 13616 et la clé MOD-97, ou générez un IBAN syntaxiquement valide pour vos tests. Tout est local, aucune requête réseau.",,"Jede IBAN gegen die ISO-13616-Länderlänge und die MOD-97-Prüfsumme prüfen oder eine syntaktisch gültige Test-IBAN erzeugen. Läuft lokal, keine Netzanfragen.",,,,,
tool.iban.title,"IBAN Validator and Test-Data Generator (MOD-97, per-country structure)","Validateur d’IBAN et générateur de données de test (MOD-97, structure par pays)",,"IBAN-Prüfer und Testdaten-Generator (MOD-97, länderspezifische Struktur)",,,,,
tool.jwt.about.how,The Base64-URL parts are decoded locally; verification uses Web Crypto with the supplied PEM public key or shared secret.,,,,,,,,
tool.jwt.about.what,"Decodes a JWT into header + payload + signature and verifies HS256/384/512, RS256/384/512, or ES256/384/512 signatures.",,,,,,,,
tool.jwt.about.why,Production JWTs often contain user IDs and scopes — pasting them into an unknown online inspector exposes that data and the secret.,,,,,,,,
tool.jwt.desc,Decode and verify JSON Web Tokens.,Décoder et vérifier des JSON Web Tokens.,解码和验证 JSON Web Token。,JSON Web Tokens dekodieren und verifizieren.,JSON Web Token को डिकोड और सत्यापित करें।,,,,
tool.jwt.metaDescription,"Decode a JSON Web Token’s header and payload, surface the exp claim, and verify HS/RS/ES signatures — all locally.",,,,,,,,
tool.jwt.title,JWT Inspector and Signature Verifier (HS / RS / ES),,,,,,,,
tool.key-info.about.how,OpenPGP.js parses the armored key block locally and reads the packet structure; no network calls are involved.,,,,,,,,
tool.key-info.about.what,"Shows the metadata baked into a PGP public key: fingerprint, user IDs, algorithm, size, and validity dates.",,,,,,,,
tool.key-info.about.why,Confirming a fingerprint out-of-band before trusting a key is the single most important PGP hygiene step.,,,,,,,,
tool.key-info.desc,Inspect a key's metadata.,Inspecter les métadonnées d’une clé.,查看密钥的元数据。,Metadaten eines Schlüssels anzeigen.,किसी कुंजी के मेटाडेटा का निरीक्षण करें।,,,,
tool.key-info.metaDescription,"Paste any armored PGP public key to read its fingerprint, user ID, algorithm, key size, creation and expiration dates.",,,,,,,,
tool.key-info.title,PGP Public Key Inspector,,,,,,,,
tool.password-encrypt.about.how,OpenPGP.js derives a symmetric key from your passphrase via S2K and encrypts the bytes locally.,,,,,,,,
tool.password-encrypt.about.what,Encrypts a file with a passphrase only — no PGP key needed on either side.,,,,,,,,
tool.password-encrypt.about.why,Quick way to share a sensitive file when the recipient hasn’t set up PGP — trade keys for a strong shared passphrase.,,,,,,,,
tool.password-encrypt.desc,Encrypt files with a password.,Chiffrer des fichiers avec un mot de passe.,使用密码加密文件。,Dateien mit einem Passwort verschlüsseln.,पासवर्ड से फ़ाइलें एन्क्रिप्ट करें।,,,,
tool.password-encrypt.metaDescription,Encrypt or decrypt a file with a passphrase only — no PGP key required. Uses OpenPGP symmetric encryption locally.,,,,,,,,
tool.password-encrypt.title,Password-Only File Encryption (No PGP Key Needed),,,,,,,,
tool.passwords.about.how,Randomness comes from crypto.getRandomValues — the same source the browser uses for TLS keys.,,,,,,,,
tool.passwords.about.what,Generates strong random passwords or memorable passphrases.,,,,,,,,
tool.passwords.about.why,Server-generated passwords have to travel back to you and may be logged. Generating in the browser keeps the secret local from the start.,,,,,,,,
tool.passwords.desc,Generate strong random passwords.,Générer des mots de passe aléatoires forts.,生成强随机密码。,Starke zufällige Passwörter erzeugen.,मज़बूत यादृच्छिक पासवर्ड बनाएँ।,,,,
tool.passwords.metaDescription,Generate strong random passwords or memorable diceware-style passphrases entirely in your browser.,,,,,,,,
tool.passwords.title,Strong Random Password Generator,,,,,,,,
tool.pbkdf2.about.how,"Web Crypto’s SubtleCrypto.deriveBits runs the PBKDF2 loop locally; password and salt are zeroized after use, never serialized to the network.",,,,,,,,
tool.pbkdf2.about.what,"Derives a fixed-length key from a password and salt using PBKDF2, the standard password-based key derivation function (RFC 8018).",,,,,,,,
tool.pbkdf2.about.why,Iteration counts and PRF choice directly govern brute-force cost. Tuning them locally — without sending the password anywhere — is the safe way to size a KDF for an app or test against a known vector.,,,,,,,,
tool.pbkdf2.desc,Derive a key from a password with PBKDF2 (SHA-1/256/384/512).,Dériver une clé d’un mot de passe avec PBKDF2 (SHA-1/256/384/512).,使用 PBKDF2（SHA-1/256/384/512）从密码派生密钥。,Schlüssel aus einem Passwort mit PBKDF2 ableiten (SHA-1/256/384/512).,PBKDF2 (SHA-1/256/384/512) से पासवर्ड से कुंजी प्राप्त करें।,,,,
tool.pbkdf2.metaDescription,"Derive a cryptographic key from a password with PBKDF2 locally — configurable iterations, salt, and PRF (SHA-1/256/384/512).",,,,,,,,
tool.pbkdf2.title,PBKDF2 Key Derivation (SHA-1 / SHA-256 / SHA-384 / SHA-512),,,,,,,,
tool.pem-der.about.how,"Strips the PEM armor and Base64-decodes locally; on the way back, the bytes are wrapped with your chosen block label.",,,,,,,,
tool.pem-der.about.what,Converts between PEM (Base64 with header/footer) and DER (raw binary) encodings for any X.509-style block.,,,,,,,,
tool.pem-der.about.why,"Some tools want PEM, others want DER. Doing the swap locally avoids leaking the bytes through an online conversion service.",,,,,,,,
tool.pem-der.desc,Convert between PEM (Base64) and DER (binary) encodings.,Convertir entre les encodages PEM (Base64) et DER (binaire).,在 PEM (Base64) 与 DER (二进制) 编码之间转换。,Zwischen PEM- (Base64) und DER- (binär) Kodierungen umwandeln.,PEM (Base64) और DER (बाइनरी) एनकोडिंग के बीच रूपांतरित करें।,,,,
tool.pem-der.metaDescription,"Convert any PEM block (certificate, private key, public key) to raw DER bytes (hex), or wrap DER bytes back into a PEM block.",,,,,,,,
tool.pem-der.title,PEM ↔ DER Converter for Certificates and Keys,,,,,,,,
tool.qr.about.how,A vendored QR library draws into a canvas locally; long inputs are split into a sequence of QRs.,,,,,,,,
tool.qr.about.what,Renders any text — usually a public key — as one or more scannable QR codes.,,,,,,,,
tool.qr.about.why,QR transfer skips the network entirely — useful when sharing a key between devices that should never touch the internet together.,,,,,,,,
tool.qr.desc,Encode keys or messages as QR codes.,Encoder une clé ou un message en QR codes.,将密钥或消息编码为二维码。,Schlüssel oder Nachrichten als QR-Codes kodieren.,कुंजी या संदेशों को QR कोड में एनकोड करें।,,,,
tool.qr.metaDescription,"Encode a PGP public key, message, or any text as one or more QR codes, ready to scan from another device.",,,,,,,,
tool.qr.title,QR Code Sharing for PGP Keys and Messages,,,,,,,,
tool.regex.about.how,Uses the browser’s built-in RegExp engine; matches are walked with a zero-width safeguard and rendered via DOM nodes (no innerHTML).,,,,,,,,
tool.regex.about.what,"Live regex tester with match highlighting, numbered + named capture groups, and an optional replacement mode.",,,,,,,,
tool.regex.about.why,"Regex testers commonly log every pattern and input. If you’re debugging against real production strings, that’s a leak.",,,,,,,,
tool.regex.desc,Test regular expressions with live match highlighting.,Tester des expressions régulières avec surlignage en direct.,实时测试正则表达式并高亮匹配。,Reguläre Ausdrücke testen mit Live-Treffer-Hervorhebung.,लाइव मिलान हाइलाइटिंग के साथ रेजेक्स परखें।,,,,
tool.regex.metaDescription,"Test regular expressions live: highlight matches, list numbered and named capture groups, and apply replacement patterns.",,,,,,,,
tool.regex.title,Regex Tester with Live Match Highlighting and Capture Groups,,,,,,,,
tool.revoke.about.how,OpenPGP.js signs a revocation packet against the key locally; you keep the certificate offline until you need it.,,,,,,,,
tool.revoke.about.what,Creates a pre-signed revocation certificate you can publish later to retire a compromised or lost private key.,,,,,,,,
tool.revoke.about.why,"Without a stored revocation certificate, a lost passphrase means no one can ever signal that the key is dead.",,,,,,,,
tool.revoke.desc,Generate a revocation certificate.,Générer un certificat de révocation.,生成吊销证书。,Ein Widerrufszertifikat erzeugen.,निरस्तीकरण प्रमाणपत्र बनाएँ।,,,,
tool.revoke.metaDescription,Generate a PGP revocation certificate so you can invalidate a key if the private half is ever lost or compromised.,,,,,,,,
tool.revoke.title,PGP Revocation Certificate Generator,,,,,,,,
tool.shamir.about.how,A vendored secrets.js library performs the polynomial math in GF(256) locally.,,,,,,,,
tool.shamir.about.what,Splits a secret into N shares such that any K of them can reconstruct it — and any fewer than K reveal nothing.,,,,,,,,
tool.shamir.about.why,"Useful for inheritance, multi-person key custody, or surviving the loss of any one backup location.",,,,,,,,
tool.shamir.desc,Split a secret into shares (K-of-N).,Diviser un secret en parts (K-sur-N).,将密钥拆分为多个分片（K-of-N）。,Ein Geheimnis in Teile aufteilen (K-von-N).,किसी रहस्य को शेयरों में बाँटें (K-of-N)।,,,,
tool.shamir.metaDescription,"Split a secret into N shares such that any K can reconstruct it. Useful for backups, succession plans, and key custody.",,,,,,,,
tool.shamir.title,Shamir’s Secret Sharing (K-of-N Split and Combine),,,,,,,,
tool.sign.about.how,OpenPGP.js hashes the input and signs the digest with your private key locally.,,,,,,,,
tool.sign.about.what,Produces a PGP signature — detached or attached — over a file or text using your private key.,,,,,,,,
tool.sign.about.why,"A signature lets a recipient prove the message came from you and wasn’t altered — critical for releases, advisories, and contracts.",,,,,,,,
tool.sign.desc,Sign files or messages with your key.,Signer des fichiers ou des messages.,使用密钥签名文件或消息。,Dateien oder Nachrichten mit Ihrem Schlüssel signieren.,अपनी कुंजी से फ़ाइलों या संदेशों पर हस्ताक्षर करें।,,,,
tool.sign.metaDescription,"Produce a detached or attached PGP signature over a file or message using your private key, locally in your browser.",,,,,,,,
tool.sign.title,PGP Digital Signature — Sign Files and Messages,,,,,,,,
tool.ssh-key.about.how,The wire format (RFC 4253) is parsed locally; Web Crypto computes the SHA-256 fingerprint over the key bytes.,,,,,,,,
tool.ssh-key.about.what,"Reads an OpenSSH public key line and shows its type, bit size, OpenSSH-style SHA-256 fingerprint, and comment.",,,,,,,,
tool.ssh-key.about.why,Verifying a key fingerprint locally before adding it to authorized_keys is far safer than trusting a copy-paste from an unknown source.,,,,,,,,
tool.ssh-key.desc,"Inspect an OpenSSH public key: type, bits, SHA-256 fingerprint, comment.","Inspecter une clé publique OpenSSH : type, bits, empreinte SHA-256, commentaire.",检查 OpenSSH 公钥:类型、位数、SHA-256 指纹、注释。,"OpenSSH-Public-Key prüfen: Typ, Bits, SHA-256-Fingerabdruck, Kommentar.","OpenSSH सार्वजनिक कुंजी देखें: प्रकार, बिट्स, SHA-256 फ़िंगरप्रिंट, टिप्पणी।",,,,
tool.ssh-key.metaDescription,"Inspect an OpenSSH public key locally: type (rsa/ed25519/ecdsa), bit size, SHA-256 fingerprint, and comment field.",,,,,,,,
tool.ssh-key.title,"OpenSSH Public Key Parser (Type, Bits, SHA-256 Fingerprint)",,,,,,,,
tool.stego.about.how,The image is decoded to a canvas locally; payload bits are written to the LSBs of pixel channels and the modified PNG is re-encoded.,,,,,,,,
tool.stego.about.what,"Hides any payload — a message, a key, a small file — inside a PNG image using least-significant-bit encoding.",,,,,,,,
tool.stego.about.why,"Sometimes ""this looks like an encrypted file"" is itself the leak. A normal-looking image is less suspicious in transit.",,,,,,,,
tool.stego.desc,Hide a payload inside a PNG image.,Cacher un contenu dans une image PNG.,将内容隐藏在 PNG 图像中。,Inhalte in einem PNG-Bild verstecken.,PNG छवि के अंदर पेलोड छिपाएँ।,,,,
tool.stego.metaDescription,"Hide an arbitrary payload inside a PNG image using least-significant-bit steganography, then extract it later.",,,,,,,,
tool.stego.title,Image Steganography — Hide a Payload in a PNG (LSB),,,,,,,,
tool.text-crypto.about.how,The same OpenPGP.js engine that handles files runs in your browser; the message never leaves the page.,,,,,,,,
tool.text-crypto.about.what,"Encrypts or decrypts a text message with PGP, producing or reading an armored block you can paste into chat or email.",,,,,,,,
tool.text-crypto.about.why,Plain email is readable by every server in the relay path. PGP-armored text reduces visibility to the endpoints only.,,,,,,,,
tool.text-crypto.desc,Encrypt and decrypt text messages.,Chiffrer et déchiffrer des messages texte.,加密和解密文本消息。,Textnachrichten verschlüsseln und entschlüsseln.,टेक्स्ट संदेशों को एन्क्रिप्ट और डिक्रिप्ट करें।,,,,
tool.text-crypto.metaDescription,"Encrypt or decrypt text messages with PGP locally. Paste a public key to send, or your private key to read.",,,,,,,,
tool.text-crypto.title,PGP Text Message Encryption and Decryption,,,,,,,,
tool.timestamp.about.how,JavaScript’s built-in Date and Intl.DateTimeFormat handle the conversions; auto-detection picks seconds vs milliseconds vs ISO.,,,,,,,,
tool.timestamp.about.what,"Converts between Unix epoch (seconds or ms), ISO 8601, UTC, local time, and a relative ""5 minutes ago"" phrasing.",,,,,,,,
tool.timestamp.about.why,Logs and APIs mix time formats freely. A trustworthy local converter prevents off-by-1000 mistakes when you’re debugging.,,,,,,,,
tool.timestamp.desc,Convert Unix epoch ↔ ISO 8601 ↔ human time.,Convertir Unix epoch ↔ ISO 8601 ↔ heure humaine.,在 Unix 时间戳、ISO 8601 和人类时间之间转换。,Unix-Zeit ↔ ISO 8601 ↔ menschliche Zeit umwandeln.,Unix epoch ↔ ISO 8601 ↔ मानवीय समय।,,,,
tool.timestamp.metaDescription,"Convert between Unix epoch (seconds or milliseconds), ISO 8601, UTC, local time, and a human-readable relative phrasing.",,,,,,,,
tool.timestamp.title,Unix Timestamp ↔ ISO 8601 ↔ Human Time Converter,,,,,,,,
tool.tls-cert.about.how,A hand-rolled ASN.1/DER reader walks the certificate structure in your browser; Web Crypto computes the SHA-1 and SHA-256 fingerprints.,,,,,,,,
tool.tls-cert.about.what,"Decodes a PEM-armored X.509 certificate and surfaces the fields you usually need: subject, issuer, SAN, validity, fingerprints.",,,,,,,,
tool.tls-cert.about.why,Pasting a production cert into a stranger’s online parser leaks operational metadata about your infrastructure.,,,,,,,,
tool.tls-cert.desc,"Inspect an X.509 certificate (PEM): subject, SAN, validity, fingerprint.","Inspecter un certificat X.509 (PEM) : sujet, SAN, validité, empreinte.",检查 X.509 证书 (PEM):主体、SAN、有效期、指纹。,"X.509-Zertifikat (PEM) prüfen: Subjekt, SAN, Gültigkeit, Fingerabdruck.","X.509 प्रमाणपत्र (PEM) देखें: विषय, SAN, वैधता, फ़िंगरप्रिंट।",,,,
tool.tls-cert.metaDescription,"Inspect an X.509 certificate locally: subject, issuer, validity, SAN list, public-key algorithm, SHA-1 and SHA-256 fingerprints.",,,,,,,,
tool.tls-cert.title,"TLS / X.509 Certificate Parser (Subject, SAN, Fingerprint)",,,,,,,,
tool.totp.about.how,"Web Crypto HMAC over the current 30-second counter, truncated per RFC 6238. The secret is zeroed on Stop.",,,,,,,,
tool.totp.about.what,Generates live TOTP codes — the same 6-digit numbers your authenticator app shows — from a secret or otpauth URI.,,,,,,,,
tool.totp.about.why,Useful for backup access or for inspecting that a freshly-provisioned secret is generating the right codes — without trusting an online tool with the secret.,,,,,,,,
tool.totp.desc,Generate 2FA codes from a secret or otpauth URI.,Générer des codes 2FA depuis un secret ou une URI otpauth.,从密钥或 otpauth URI 生成双因素验证码。,2FA-Codes aus einem Secret oder otpauth-URI erzeugen.,किसी सीक्रेट या otpauth URI से 2FA कोड बनाएँ।,,,,
tool.totp.metaDescription,"Generate live TOTP / 2FA codes from a Base32 secret or otpauth:// URI. SHA-1/256/512, configurable digits and period.",,,,,,,,
tool.totp.title,TOTP / 2FA Code Generator (RFC 6238),,,,,,,,
tool.url.about.how,The browser’s built-in URL API does the parsing; encode/decode use the standard percent-encoding routines.,,,,,,,,
tool.url.about.what,"Parses a URL into protocol, host, path, search, hash, and query parameters — plus percent-encode and decode utilities.",,,,,,,,
tool.url.about.why,"Useful for inspecting OAuth callback URLs, signed download links, and tracking parameters without sending them to an analyzer.",,,,,,,,
tool.url.desc,"Parse, encode, and decode URLs and queries.","Analyser, encoder et décoder URL et requêtes.",解析、编码和解码 URL 与查询字符串。,"URLs und Querystrings analysieren, kodieren, dekodieren.","URL और क्वेरी पार्स, एनकोड और डिकोड करें।",,,,
tool.url.metaDescription,"Parse a URL into its components, list the query parameters, and percent-encode or decode arbitrary strings — all locally.",,,,,,,,
tool.url.title,"URL Parser, Percent-Encoder, and Decoder",,,,,,,,
tool.uuid.about.how,Randomness comes from crypto.getRandomValues; UUID v7 packs a millisecond timestamp into the high bits per the RFC.,,,,,,,,
tool.uuid.about.what,"Generates UUID v4 (random), UUID v7 (time-ordered, RFC 9562), or ULID identifiers in bulk.",,,,,,,,
tool.uuid.about.why,Time-ordered IDs (UUID v7 / ULID) are kinder to database indexes than random v4 — worth picking deliberately for new schemas.,,,,,,,,
tool.uuid.desc,"Generate UUID v4, UUID v7, and ULID values.","Générer des UUID v4, UUID v7 et ULID.",生成 UUID v4、UUID v7 和 ULID。,"UUID v4, UUID v7 und ULID generieren.","UUID v4, UUID v7 और ULID उत्पन्न करें।",,,,
tool.uuid.metaDescription,"Generate UUID v4 (random), UUID v7 (RFC 9562 time-ordered), or ULID identifiers in bulk — up to 1000 per click.",,,,,,,,
tool.uuid.title,UUID v4 / UUID v7 / ULID Generator,,,,,,,,
tool.verify.about.how,OpenPGP.js re-hashes the bytes locally and verifies the signature using the supplied public key.,,,,,,,,
tool.verify.about.what,Checks a PGP signature against a file or message and tells you whether it was made by the holder of a given public key.,,,,,,,,
tool.verify.about.why,"Verifying signatures locally avoids trusting a third-party service to honestly report ""valid"" or ""invalid"".",,,,,,,,
tool.verify.desc,Verify a signature against a public key.,Vérifier une signature avec une clé publique.,根据公钥验证签名。,Eine Signatur mit einem öffentlichen Schlüssel prüfen.,सार्वजनिक कुंजी के विरुद्ध हस्ताक्षर सत्यापित करें।,,,,
tool.verify.metaDescription,Verify a PGP signature against a file or message using the signer’s public key. Tells you if the bytes are authentic.,,,,,,,,
tool.verify.title,PGP Signature Verification (Detached or Attached),,,,,,,,
totp.countdown,{sec} sec until refresh,{sec} s avant rafraîchissement,距刷新还剩 {sec} 秒,Aktualisierung in {sec} Sek.,रीफ्रेश होने में {sec} सेकंड,,,,
totp.label.algo,Algorithm:,Algorithme :,算法：,Algorithmus:,एल्गोरिदम:,,,,
totp.label.digits,Digits:,Chiffres :,位数：,Stellen:,अंक:,,,,
totp.label.input,Secret or otpauth:// URI:,Secret ou URI otpauth:// :,密钥或 otpauth:// URI：,Secret oder otpauth://-URI:,सीक्रेट या otpauth:// URI:,,,,
totp.label.period,Period (sec):,Période (s) :,周期（秒）：,Periode (s):,अवधि (सेकंड):,,,,
totp.ph.input,JBSWY3DPEHPK3PXP   or   otpauth://totp/Acme:alice?secret=…,JBSWY3DPEHPK3PXP   ou   otpauth://totp/Acme:alice?secret=…,JBSWY3DPEHPK3PXP   或   otpauth://totp/Acme:alice?secret=…,JBSWY3DPEHPK3PXP   oder   otpauth://totp/Acme:alice?secret=…,JBSWY3DPEHPK3PXP   या   otpauth://totp/Acme:alice?secret=…,,,,
totp.warnBody,"Whoever has the TOTP secret can generate the same codes you do. Don't paste it into untrusted tools, screenshot it, or send it through unencrypted channels.","Quiconque possède le secret TOTP peut générer les mêmes codes que vous. Ne le collez pas dans des outils non fiables, ne le capturez pas en image et ne l’envoyez pas en clair.",拥有 TOTP 密钥的任何人都能生成与您相同的验证码。不要粘贴到不可信的工具，不要截图，不要通过未加密的渠道发送。,"Wer das TOTP-Geheimnis kennt, kann dieselben Codes erzeugen wie du. Nicht in unsichere Tools einfügen, nicht abfotografieren, nicht über unverschlüsselte Kanäle senden.","जिसके पास TOTP सीक्रेट है, वह आपके जैसे ही कोड बना सकता है। अविश्वसनीय उपकरणों में पेस्ट न करें, स्क्रीनशॉट न लें, और अनएन्क्रिप्टेड चैनलों से न भेजें।",,,,
totp.warnTitle,Treat the secret like a password:,Traitez le secret comme un mot de passe :,把密钥当作密码来对待：,Geheimnis wie ein Passwort behandeln:,सीक्रेट को पासवर्ड की तरह संभालें:,,,,
url.label.codec,Encode/decode result:,Résultat encode/décode :,编码/解码结果：,Encode/Decode-Ergebnis:,एनकोड/डिकोड परिणाम:,,,,
url.label.input,URL:,URL :,URL：,URL:,URL:,,,,
url.ph.input,https://example.com/path?key=value#hash,https://exemple.com/chemin?cle=valeur#ancre,https://example.com/path?key=value#hash,https://beispiel.de/pfad?schluessel=wert#anker,https://example.com/path?key=value#hash,,,,
url.queryHeading,Query parameters,Paramètres de requête,查询参数,Query-Parameter,क्वेरी पैरामीटर,,,,
url.row.hash,Fragment,Fragment,片段,Fragment,फ्रैगमेंट,,,,
url.row.host,Host,Hôte,主机,Host,होस्ट,,,,
url.row.hostname,Hostname,Nom d’hôte,主机名,Hostname,होस्टनाम,,,,
url.row.origin,Origin,Origine,来源,Origin,मूल,,,,
url.row.password,Password,Mot de passe,密码,Passwort,पासवर्ड,,,,
url.row.pathname,Path,Chemin,路径,Pfad,पथ,,,,
url.row.port,Port,Port,端口,Port,पोर्ट,,,,
url.row.protocol,Protocol,Protocole,协议,Protokoll,प्रोटोकॉल,,,,
url.row.search,Query string,Chaîne de requête,查询字符串,Querystring,क्वेरी स्ट्रिंग,,,,
url.row.username,Username,Utilisateur,用户名,Benutzername,उपयोगकर्ता,,,,
uuid.fmt.ulid,"ULID (time-ordered, base32)","ULID (ordonné, base32)",ULID（按时间排序，base32）,"ULID (zeitsortiert, base32)","ULID (समय-क्रमित, base32)",,,,
uuid.fmt.v4,UUID v4 (random),UUID v4 (aléatoire),UUID v4（随机）,UUID v4 (zufällig),UUID v4 (यादृच्छिक),,,,
uuid.fmt.v7,UUID v7 (time-ordered),UUID v7 (ordonné dans le temps),UUID v7（按时间排序）,UUID v7 (zeitsortiert),UUID v7 (समय-क्रमित),,,,
uuid.label.count,How many:,Combien :,数量：,Anzahl:,कितने:,,,,
uuid.label.format,Format:,Format :,格式：,Format:,फ़ॉर्मेट:,,,,
uuid.label.output,Output:,Sortie :,输出：,Ausgabe:,आउटपुट:,,,,
view.armor.h2,Armor Converter,Convertisseur Armor,Armor 转换器,Armor-Konverter,Armor कन्वर्टर,,,,
view.base.h2,Number Base Converter,Convertisseur de base numérique,数字进制转换器,Zahlenbasis-Konverter,संख्या आधार कनवर्टर,,,,
view.bic.h2,BIC / SWIFT Code Checker,Contrôle de code BIC / SWIFT,BIC / SWIFT 代码校验,BIC / SWIFT-Prüfung,BIC / SWIFT कोड जाँच,,,,
view.bip39.h2,BIP39 Mnemonic,Mnémonique BIP39,BIP39 助记词,BIP39-Mnemonic,BIP39 निमोनिक,,,,
view.cidr.h2,CIDR / Subnet Calculator,Calculatrice CIDR / sous-réseau,CIDR / 子网计算器,CIDR / Subnetz-Rechner,CIDR / सबनेट कैलकुलेटर,,,,
view.color.h2,Color Converter,Convertisseur de couleur,颜色转换器,Farbkonverter,रंग कन्वर्टर,,,,
view.cron.h2,Cron Decoder,Décodeur cron,Cron 解码器,Cron-Decoder,Cron डिकोडर,,,,
view.csv.h2,CSV ↔ JSON ↔ TSV Converter,Convertisseur CSV ↔ JSON ↔ TSV,CSV ↔ JSON ↔ TSV 转换器,CSV ↔ JSON ↔ TSV-Konverter,CSV ↔ JSON ↔ TSV कन्वर्टर,,,,
view.decrypt.h2,Decrypt Files,Déchiffrer des fichiers,解密文件,Dateien entschlüsseln,फ़ाइलें डिक्रिप्ट करें,,,,
view.diff.h2,Diff Tool,Outil de comparaison,文本差异比较,Diff-Werkzeug,डिफ़ टूल,,,,
view.encode.h2,Encode / Decode,Encoder / décoder,编码 / 解码,Kodieren / Dekodieren,एनकोड / डिकोड,,,,
view.encrypt.h2,Encrypt Files,Chiffrer des fichiers,加密文件,Dateien verschlüsseln,फ़ाइलें एन्क्रिप्ट करें,,,,
view.exif.h2,EXIF Eraser,Effaceur EXIF,EXIF 清除器,EXIF-Entferner,EXIF रिमूवर,,,,
view.format.h2,Format & Convert,Formater & convertir,格式化与转换,Format & Konvertieren,फ़ॉर्मेट और कन्वर्ट,,,,
view.generate.h2,Generate PGP Key Pair,Générer une paire de clés PGP,生成 PGP 密钥对,PGP-Schlüsselpaar erzeugen,PGP कुंजी जोड़ी बनाएँ,,,,
view.gs1.h2,GS1 Barcode Checksum,Clé de contrôle de code-barres GS1,GS1 条码校验位,GS1-Barcode-Prüfziffer,GS1 बारकोड चेकसम,,,,
view.hash.h2,Hash & Checksum,Hachage & somme de contrôle,哈希与校验,Hash & Prüfsumme,हैश और चेकसम,,,,
view.hmac.h2,HMAC,HMAC,HMAC,HMAC,HMAC,,,,
view.iban.h2,IBAN Validator / Generator,Validateur / Générateur d’IBAN,IBAN 校验与生成器,IBAN-Prüfer / -Generator,IBAN सत्यापक / जनरेटर,,,,
view.jwt.h2,JWT Inspector,Inspecteur JWT,JWT 检查器,JWT-Inspektor,JWT निरीक्षक,,,,
view.key-info.h2,Key Information,Informations sur la clé,密钥信息,Schlüsselinformationen,कुंजी की जानकारी,,,,
view.password-encrypt.h2,Password-Only Encryption,Chiffrement par mot de passe seul,仅密码加密,Verschlüsselung nur mit Passwort,केवल पासवर्ड से एन्क्रिप्शन,,,,
view.passwords.h2,Password Generator,Générateur de mots de passe,密码生成器,Passwortgenerator,पासवर्ड जनरेटर,,,,
view.pbkdf2.h2,PBKDF2 Key Derivation,Dérivation de clé PBKDF2,PBKDF2 密钥派生,PBKDF2-Schlüsselableitung,PBKDF2 कुंजी व्युत्पत्ति,,,,
view.pem-der.h2,PEM ↔ DER Converter,Convertisseur PEM ↔ DER,PEM ↔ DER 转换器,PEM ↔ DER-Konverter,PEM ↔ DER कन्वर्टर,,,,
view.qr.h2,Encrypted QR Code Generator,Générateur de QR code chiffré,加密 QR 码生成器,Verschlüsselter QR-Code-Generator,एन्क्रिप्टेड QR कोड जनरेटर,,,,
view.regex.h2,Regex Tester,Testeur de regex,正则表达式测试器,Regex-Tester,रेजेक्स परीक्षक,,,,
view.revoke.h2,Revocation Certificate,Certificat de révocation,吊销证书,Widerrufszertifikat,रद्दीकरण प्रमाणपत्र,,,,
view.shamir.h2,Shamir's Secret Sharing,Partage de secret de Shamir,Shamir 秘密共享,Shamirs Secret Sharing,Shamir का सीक्रेट शेयरिंग,,,,
view.sign.h2,Sign Files or Messages,Signer des fichiers ou des messages,签名文件或消息,Dateien oder Nachrichten signieren,फ़ाइलें या संदेश साइन करें,,,,
view.ssh-key.h2,SSH Key Parser,Analyseur de clé SSH,SSH 密钥解析器,SSH-Schlüssel-Parser,SSH कुंजी पार्सर,,,,
view.stego.h2,Steganography (Image Hiding),Stéganographie (dissimulation dans une image),隐写术（图像隐藏）,Steganografie (Verstecken im Bild),स्टेगनोग्राफ़ी (छवि में छिपाना),,,,
view.text-crypto.h2,Text Message Encryption,Chiffrement de messages texte,文本消息加密,Textnachrichten-Verschlüsselung,टेक्स्ट संदेश एन्क्रिप्शन,,,,
view.timestamp.h2,Unix Timestamp Converter,Convertisseur d’horodatage Unix,Unix 时间戳转换器,Unix-Zeitstempel-Konverter,Unix टाइमस्टैम्प कन्वर्टर,,,,
view.tls-cert.h2,TLS Certificate Parser,Analyseur de certificat TLS,TLS 证书解析器,TLS-Zertifikat-Parser,TLS प्रमाणपत्र पार्सर,,,,
view.totp.h2,TOTP / 2FA Code Generator,Générateur de codes TOTP / 2FA,TOTP / 双因素验证码生成器,TOTP / 2FA-Code-Generator,TOTP / 2FA कोड जनरेटर,,,,
view.url.h2,URL Parser,Analyseur d’URL,URL 解析器,URL-Parser,URL पार्सर,,,,
view.uuid.h2,UUID / ULID Generator,Générateur UUID / ULID,UUID / ULID 生成器,UUID / ULID-Generator,UUID / ULID जनरेटर,,,,
view.verify.h2,Verify Signatures,Vérifier des signatures,验证签名,Signaturen verifizieren,हस्ताक्षर सत्यापित करें,,,,
